# 3ds Max Wavefront OBJ Exporter v0.99 - (c)2007 guruware
# File Created: 20.02.2023 10:00:06

mtllib FoldingWalker.mtl

#
# object Object001
#

v  -0.0311 0.0021 0.0242
v  -0.0311 0.0743 0.0177
v  -0.0320 0.0742 0.0173
v  -0.0320 0.0020 0.0238
v  -0.0324 0.0740 0.0165
v  -0.0324 0.0020 0.0230
v  -0.0320 0.0739 0.0156
v  -0.0320 0.0019 0.0221
v  -0.0311 0.0738 0.0152
v  -0.0311 0.0019 0.0217
v  -0.0303 0.0739 0.0156
v  -0.0303 0.0019 0.0221
v  -0.0299 0.0740 0.0165
v  -0.0299 0.0020 0.0230
v  -0.0303 0.0742 0.0173
v  -0.0303 0.0020 0.0238
v  -0.0311 0.0778 0.0167
v  -0.0320 0.0776 0.0164
v  -0.0324 0.0772 0.0156
v  -0.0320 0.0769 0.0147
v  -0.0311 0.0767 0.0144
v  -0.0303 0.0769 0.0147
v  -0.0299 0.0772 0.0156
v  -0.0303 0.0776 0.0164
v  -0.0311 0.0796 0.0154
v  -0.0320 0.0794 0.0151
v  -0.0324 0.0788 0.0145
v  -0.0320 0.0781 0.0138
v  -0.0311 0.0779 0.0136
v  -0.0303 0.0781 0.0138
v  -0.0299 0.0788 0.0145
v  -0.0303 0.0794 0.0151
v  -0.0311 0.0809 0.0136
v  -0.0320 0.0806 0.0134
v  -0.0324 0.0798 0.0130
v  -0.0320 0.0790 0.0126
v  -0.0311 0.0787 0.0124
v  -0.0303 0.0790 0.0126
v  -0.0299 0.0798 0.0130
v  -0.0303 0.0806 0.0134
v  -0.0311 0.0816 0.0117
v  -0.0320 0.0812 0.0116
v  -0.0324 0.0804 0.0115
v  -0.0320 0.0795 0.0114
v  -0.0311 0.0791 0.0113
v  -0.0303 0.0795 0.0114
v  -0.0299 0.0804 0.0115
v  -0.0303 0.0812 0.0116
v  -0.0311 0.0817 0.0093
v  -0.0320 0.0814 0.0093
v  -0.0324 0.0805 0.0093
v  -0.0320 0.0796 0.0094
v  -0.0311 0.0792 0.0094
v  -0.0303 0.0796 0.0094
v  -0.0299 0.0805 0.0093
v  -0.0303 0.0814 0.0093
v  -0.0311 0.0817 -0.0038
v  -0.0320 0.0814 -0.0038
v  -0.0324 0.0805 -0.0038
v  -0.0320 0.0796 -0.0038
v  -0.0311 0.0792 -0.0038
v  -0.0303 0.0796 -0.0038
v  -0.0299 0.0805 -0.0038
v  -0.0311 0.0049 -0.0201
v  -0.0320 0.0049 -0.0197
v  -0.0320 0.0742 -0.0118
v  -0.0311 0.0743 -0.0122
v  -0.0324 0.0048 -0.0188
v  -0.0324 0.0740 -0.0109
v  -0.0320 0.0048 -0.0179
v  -0.0320 0.0739 -0.0101
v  -0.0311 0.0047 -0.0176
v  -0.0311 0.0738 -0.0097
v  -0.0303 0.0048 -0.0179
v  -0.0303 0.0739 -0.0101
v  -0.0299 0.0048 -0.0188
v  -0.0299 0.0740 -0.0109
v  -0.0303 0.0049 -0.0197
v  -0.0303 0.0742 -0.0118
v  -0.0320 0.0776 -0.0109
v  -0.0311 0.0778 -0.0112
v  -0.0324 0.0772 -0.0100
v  -0.0320 0.0769 -0.0092
v  -0.0311 0.0767 -0.0089
v  -0.0303 0.0769 -0.0092
v  -0.0299 0.0772 -0.0100
v  -0.0303 0.0776 -0.0109
v  -0.0320 0.0794 -0.0096
v  -0.0311 0.0796 -0.0098
v  -0.0324 0.0788 -0.0089
v  -0.0320 0.0781 -0.0083
v  -0.0311 0.0779 -0.0080
v  -0.0303 0.0781 -0.0083
v  -0.0299 0.0788 -0.0089
v  -0.0303 0.0794 -0.0096
v  -0.0320 0.0806 -0.0079
v  -0.0311 0.0809 -0.0081
v  -0.0324 0.0798 -0.0075
v  -0.0320 0.0790 -0.0071
v  -0.0311 0.0787 -0.0069
v  -0.0303 0.0790 -0.0071
v  -0.0299 0.0798 -0.0075
v  -0.0303 0.0806 -0.0079
v  -0.0320 0.0812 -0.0061
v  -0.0311 0.0816 -0.0062
v  -0.0324 0.0804 -0.0060
v  -0.0320 0.0795 -0.0059
v  -0.0311 0.0791 -0.0058
v  -0.0303 0.0795 -0.0059
v  -0.0299 0.0804 -0.0060
v  -0.0303 0.0812 -0.0061
v  -0.0303 0.0814 -0.0038
v  -0.0322 0.0329 0.0194
v  -0.0322 0.0388 0.0192
v  -0.0319 0.0385 0.0182
v  -0.0319 0.0329 0.0191
v  -0.0311 0.0384 0.0179
v  -0.0311 0.0328 0.0188
v  -0.0304 0.0385 0.0182
v  -0.0304 0.0329 0.0191
v  -0.0301 0.0388 0.0191
v  -0.0301 0.0329 0.0194
v  -0.0311 0.0392 0.0199
v  -0.0311 0.0427 0.0174
v  -0.0319 0.0424 0.0172
v  -0.0319 0.0391 0.0196
v  -0.0322 0.0418 0.0168
v  -0.0319 0.0411 0.0163
v  -0.0311 0.0409 0.0161
v  -0.0304 0.0411 0.0163
v  -0.0301 0.0418 0.0168
v  -0.0304 0.0424 0.0172
v  -0.0304 0.0391 0.0196
v  -0.0311 0.0435 0.0144
v  -0.0319 0.0432 0.0143
v  -0.0322 0.0424 0.0142
v  -0.0319 0.0417 0.0141
v  -0.0311 0.0414 0.0141
v  -0.0304 0.0417 0.0141
v  -0.0301 0.0424 0.0142
v  -0.0304 0.0432 0.0143
v  -0.0311 0.0435 0.0022
v  -0.0319 0.0432 0.0022
v  -0.0322 0.0424 0.0022
v  -0.0319 0.0417 0.0022
v  -0.0311 0.0414 0.0022
v  -0.0304 0.0417 0.0022
v  -0.0301 0.0424 0.0022
v  -0.0304 0.0432 0.0022
v  -0.0322 0.0329 -0.0147
v  -0.0319 0.0329 -0.0142
v  -0.0319 0.0385 -0.0135
v  -0.0322 0.0388 -0.0143
v  -0.0311 0.0328 -0.0140
v  -0.0311 0.0384 -0.0132
v  -0.0304 0.0329 -0.0142
v  -0.0304 0.0385 -0.0135
v  -0.0301 0.0329 -0.0147
v  -0.0301 0.0388 -0.0143
v  -0.0311 0.0392 -0.0152
v  -0.0319 0.0391 -0.0149
v  -0.0319 0.0424 -0.0124
v  -0.0311 0.0427 -0.0126
v  -0.0322 0.0418 -0.0120
v  -0.0319 0.0411 -0.0116
v  -0.0311 0.0409 -0.0114
v  -0.0304 0.0411 -0.0116
v  -0.0301 0.0418 -0.0120
v  -0.0304 0.0391 -0.0149
v  -0.0304 0.0424 -0.0124
v  -0.0319 0.0432 -0.0096
v  -0.0311 0.0435 -0.0096
v  -0.0322 0.0424 -0.0095
v  -0.0319 0.0417 -0.0094
v  -0.0311 0.0414 -0.0094
v  -0.0304 0.0417 -0.0094
v  -0.0301 0.0424 -0.0095
v  -0.0304 0.0432 -0.0096
v  -0.0311 0.0722 0.0158
v  -0.0311 0.0714 0.0030
v  -0.0319 0.0711 0.0030
v  -0.0319 0.0719 0.0158
v  -0.0322 0.0704 0.0030
v  -0.0322 0.0712 0.0158
v  -0.0319 0.0697 0.0030
v  -0.0319 0.0705 0.0159
v  -0.0311 0.0693 0.0030
v  -0.0311 0.0702 0.0159
v  -0.0304 0.0697 0.0030
v  -0.0304 0.0705 0.0159
v  -0.0301 0.0704 0.0030
v  -0.0301 0.0712 0.0158
v  -0.0304 0.0711 0.0030
v  -0.0304 0.0719 0.0158
v  -0.0311 0.0729 -0.0106
v  -0.0319 0.0726 -0.0107
v  -0.0322 0.0719 -0.0107
v  -0.0319 0.0711 -0.0108
v  -0.0311 0.0708 -0.0109
v  -0.0304 0.0711 -0.0108
v  -0.0301 0.0719 -0.0107
v  -0.0304 0.0726 -0.0107
v  -0.0311 0.0012 0.0246
v  -0.0299 0.0012 0.0241
v  -0.0299 0.0021 0.0241
v  -0.0311 0.0022 0.0246
v  -0.0294 0.0011 0.0229
v  -0.0294 0.0020 0.0229
v  -0.0299 0.0010 0.0217
v  -0.0299 0.0019 0.0217
v  -0.0311 0.0009 0.0212
v  -0.0311 0.0019 0.0212
v  -0.0324 0.0010 0.0217
v  -0.0324 0.0019 0.0217
v  -0.0329 0.0011 0.0229
v  -0.0329 0.0020 0.0229
v  -0.0324 0.0012 0.0241
v  -0.0324 0.0021 0.0241
v  -0.0311 0.0000 0.0240
v  -0.0304 0.0000 0.0237
v  -0.0319 0.0000 0.0237
v  -0.0322 0.0000 0.0229
v  -0.0319 0.0000 0.0222
v  -0.0311 0.0000 0.0219
v  -0.0304 0.0000 0.0222
v  -0.0301 0.0000 0.0229
v  -0.0311 0.0000 0.0229
v  -0.0311 0.0020 0.0229
v  -0.0332 0.0129 -0.0184
v  -0.0340 0.0126 -0.0184
v  -0.0340 0.0119 -0.0157
v  -0.0332 0.0122 -0.0156
v  -0.0340 0.0110 -0.0184
v  -0.0340 0.0105 -0.0164
v  -0.0332 0.0107 -0.0184
v  -0.0332 0.0103 -0.0165
v  -0.0324 0.0110 -0.0184
v  -0.0324 0.0105 -0.0164
v  -0.0324 0.0126 -0.0184
v  -0.0324 0.0119 -0.0157
v  -0.0340 0.0102 -0.0136
v  -0.0332 0.0104 -0.0133
v  -0.0340 0.0093 -0.0148
v  -0.0332 0.0091 -0.0150
v  -0.0324 0.0093 -0.0148
v  -0.0324 0.0102 -0.0136
v  -0.0340 0.0078 -0.0124
v  -0.0332 0.0079 -0.0121
v  -0.0340 0.0074 -0.0139
v  -0.0332 0.0074 -0.0142
v  -0.0324 0.0074 -0.0139
v  -0.0324 0.0078 -0.0124
v  -0.0340 0.0051 -0.0124
v  -0.0332 0.0050 -0.0121
v  -0.0340 0.0054 -0.0139
v  -0.0332 0.0055 -0.0142
v  -0.0324 0.0054 -0.0139
v  -0.0324 0.0051 -0.0124
v  -0.0340 0.0026 -0.0136
v  -0.0332 0.0024 -0.0133
v  -0.0340 0.0036 -0.0148
v  -0.0332 0.0038 -0.0150
v  -0.0324 0.0036 -0.0148
v  -0.0324 0.0026 -0.0136
v  -0.0340 0.0009 -0.0157
v  -0.0332 0.0006 -0.0156
v  -0.0340 0.0023 -0.0164
v  -0.0332 0.0026 -0.0165
v  -0.0324 0.0023 -0.0164
v  -0.0324 0.0009 -0.0157
v  -0.0340 0.0003 -0.0184
v  -0.0332 0.0000 -0.0184
v  -0.0340 0.0019 -0.0184
v  -0.0332 0.0022 -0.0184
v  -0.0324 0.0019 -0.0184
v  -0.0324 0.0003 -0.0184
v  -0.0340 0.0009 -0.0210
v  -0.0332 0.0006 -0.0212
v  -0.0340 0.0023 -0.0204
v  -0.0332 0.0026 -0.0202
v  -0.0324 0.0023 -0.0204
v  -0.0324 0.0009 -0.0210
v  -0.0340 0.0026 -0.0232
v  -0.0332 0.0024 -0.0234
v  -0.0340 0.0036 -0.0219
v  -0.0332 0.0038 -0.0217
v  -0.0324 0.0036 -0.0219
v  -0.0324 0.0026 -0.0232
v  -0.0340 0.0051 -0.0243
v  -0.0332 0.0050 -0.0246
v  -0.0340 0.0054 -0.0228
v  -0.0332 0.0055 -0.0225
v  -0.0324 0.0054 -0.0228
v  -0.0324 0.0051 -0.0243
v  -0.0340 0.0078 -0.0243
v  -0.0332 0.0079 -0.0246
v  -0.0340 0.0074 -0.0228
v  -0.0332 0.0074 -0.0225
v  -0.0324 0.0074 -0.0228
v  -0.0324 0.0078 -0.0243
v  -0.0340 0.0102 -0.0232
v  -0.0332 0.0104 -0.0234
v  -0.0340 0.0093 -0.0219
v  -0.0332 0.0091 -0.0217
v  -0.0324 0.0093 -0.0219
v  -0.0324 0.0102 -0.0232
v  -0.0340 0.0119 -0.0210
v  -0.0332 0.0122 -0.0212
v  -0.0340 0.0105 -0.0204
v  -0.0332 0.0103 -0.0202
v  -0.0324 0.0105 -0.0204
v  -0.0324 0.0119 -0.0210
v  -0.0337 0.0064 -0.0166
v  -0.0337 0.0073 -0.0169
v  -0.0340 0.0073 -0.0169
v  -0.0340 0.0064 -0.0166
v  -0.0337 0.0079 -0.0175
v  -0.0340 0.0079 -0.0175
v  -0.0337 0.0082 -0.0184
v  -0.0340 0.0082 -0.0184
v  -0.0337 0.0079 -0.0192
v  -0.0340 0.0079 -0.0192
v  -0.0337 0.0073 -0.0199
v  -0.0340 0.0073 -0.0199
v  -0.0337 0.0064 -0.0201
v  -0.0340 0.0064 -0.0201
v  -0.0337 0.0056 -0.0199
v  -0.0340 0.0056 -0.0199
v  -0.0337 0.0049 -0.0192
v  -0.0340 0.0049 -0.0192
v  -0.0337 0.0047 -0.0184
v  -0.0340 0.0047 -0.0184
v  -0.0337 0.0049 -0.0175
v  -0.0340 0.0049 -0.0175
v  -0.0337 0.0056 -0.0169
v  -0.0340 0.0056 -0.0169
v  -0.0340 0.0064 -0.0184
v  -0.0337 0.0064 -0.0184
v  -0.0337 0.0038 -0.0160
v  -0.0337 0.0030 -0.0153
v  -0.0337 0.0044 -0.0142
v  -0.0337 0.0049 -0.0152
v  -0.0337 0.0031 -0.0172
v  -0.0337 0.0020 -0.0169
v  -0.0337 0.0065 -0.0149
v  -0.0337 0.0065 -0.0137
v  -0.0337 0.0078 -0.0151
v  -0.0337 0.0083 -0.0141
v  -0.0337 0.0089 -0.0159
v  -0.0337 0.0098 -0.0151
v  -0.0337 0.0057 -0.0169
v  -0.0337 0.0065 -0.0167
v  -0.0337 0.0109 -0.0170
v  -0.0337 0.0098 -0.0173
v  -0.0337 0.0080 -0.0179
v  -0.0337 0.0076 -0.0172
v  -0.0337 0.0111 -0.0188
v  -0.0337 0.0099 -0.0187
v  -0.0337 0.0049 -0.0186
v  -0.0337 0.0030 -0.0189
v  -0.0337 0.0049 -0.0178
v  -0.0337 0.0034 -0.0201
v  -0.0337 0.0043 -0.0212
v  -0.0337 0.0037 -0.0221
v  -0.0337 0.0024 -0.0207
v  -0.0337 0.0018 -0.0190
v  -0.0337 0.0058 -0.0218
v  -0.0337 0.0056 -0.0229
v  -0.0337 0.0072 -0.0218
v  -0.0337 0.0074 -0.0229
v  -0.0337 0.0084 -0.0213
v  -0.0337 0.0091 -0.0222
v  -0.0337 0.0062 -0.0200
v  -0.0337 0.0055 -0.0197
v  -0.0337 0.0095 -0.0200
v  -0.0337 0.0106 -0.0206
v  -0.0337 0.0079 -0.0191
v  -0.0337 0.0074 -0.0197
v  -0.0327 0.0031 -0.0172
v  -0.0327 0.0049 -0.0178
v  -0.0327 0.0038 -0.0160
v  -0.0327 0.0049 -0.0152
v  -0.0327 0.0057 -0.0169
v  -0.0327 0.0076 -0.0172
v  -0.0327 0.0089 -0.0159
v  -0.0327 0.0065 -0.0149
v  -0.0327 0.0065 -0.0167
v  -0.0327 0.0098 -0.0173
v  -0.0327 0.0080 -0.0179
v  -0.0327 0.0099 -0.0187
v  -0.0327 0.0034 -0.0201
v  -0.0327 0.0043 -0.0212
v  -0.0327 0.0084 -0.0213
v  -0.0327 0.0074 -0.0197
v  -0.0327 0.0072 -0.0218
v  -0.0327 0.0058 -0.0218
v  -0.0327 0.0062 -0.0200
v  -0.0327 0.0079 -0.0191
v  -0.0327 0.0044 -0.0142
v  -0.0327 0.0030 -0.0153
v  -0.0327 0.0020 -0.0169
v  -0.0327 0.0065 -0.0137
v  -0.0327 0.0078 -0.0151
v  -0.0327 0.0083 -0.0141
v  -0.0327 0.0098 -0.0151
v  -0.0327 0.0109 -0.0170
v  -0.0327 0.0111 -0.0188
v  -0.0327 0.0049 -0.0186
v  -0.0327 0.0030 -0.0189
v  -0.0327 0.0024 -0.0207
v  -0.0327 0.0037 -0.0221
v  -0.0327 0.0018 -0.0190
v  -0.0327 0.0056 -0.0229
v  -0.0327 0.0074 -0.0229
v  -0.0327 0.0091 -0.0222
v  -0.0327 0.0055 -0.0197
v  -0.0327 0.0106 -0.0206
v  -0.0327 0.0095 -0.0200
v  -0.0324 0.0064 -0.0166
v  -0.0324 0.0073 -0.0169
v  -0.0327 0.0073 -0.0169
v  -0.0327 0.0064 -0.0166
v  -0.0324 0.0079 -0.0175
v  -0.0327 0.0079 -0.0175
v  -0.0324 0.0082 -0.0184
v  -0.0327 0.0082 -0.0184
v  -0.0324 0.0079 -0.0192
v  -0.0327 0.0079 -0.0192
v  -0.0324 0.0073 -0.0199
v  -0.0327 0.0073 -0.0199
v  -0.0324 0.0064 -0.0201
v  -0.0327 0.0064 -0.0201
v  -0.0324 0.0056 -0.0199
v  -0.0327 0.0056 -0.0199
v  -0.0324 0.0049 -0.0192
v  -0.0327 0.0049 -0.0192
v  -0.0324 0.0047 -0.0184
v  -0.0327 0.0047 -0.0184
v  -0.0324 0.0049 -0.0175
v  -0.0327 0.0049 -0.0175
v  -0.0324 0.0056 -0.0169
v  -0.0327 0.0056 -0.0169
v  -0.0327 0.0064 -0.0184
v  -0.0324 0.0064 -0.0184
v  -0.0329 0.0805 0.0024
v  -0.0327 0.0814 0.0024
v  -0.0325 0.0812 -0.0016
v  -0.0327 0.0805 -0.0016
v  -0.0320 0.0820 0.0024
v  -0.0319 0.0818 -0.0016
v  -0.0311 0.0823 0.0024
v  -0.0311 0.0820 -0.0016
v  -0.0303 0.0820 0.0024
v  -0.0304 0.0818 -0.0016
v  -0.0296 0.0814 0.0024
v  -0.0298 0.0812 -0.0016
v  -0.0294 0.0805 0.0024
v  -0.0296 0.0805 -0.0016
v  -0.0296 0.0796 0.0024
v  -0.0298 0.0797 -0.0016
v  -0.0303 0.0790 0.0024
v  -0.0304 0.0792 -0.0016
v  -0.0311 0.0787 0.0024
v  -0.0311 0.0790 -0.0016
v  -0.0320 0.0790 0.0024
v  -0.0319 0.0792 -0.0016
v  -0.0327 0.0796 0.0024
v  -0.0325 0.0797 -0.0016
v  -0.0327 0.0814 -0.0021
v  -0.0329 0.0805 -0.0021
v  -0.0320 0.0820 -0.0021
v  -0.0311 0.0823 -0.0021
v  -0.0302 0.0820 -0.0021
v  -0.0296 0.0814 -0.0021
v  -0.0294 0.0805 -0.0021
v  -0.0296 0.0796 -0.0021
v  -0.0302 0.0789 -0.0021
v  -0.0311 0.0787 -0.0021
v  -0.0320 0.0789 -0.0021
v  -0.0327 0.0796 -0.0021
v  -0.0330 0.0805 -0.0023
v  -0.0327 0.0814 -0.0023
v  -0.0326 0.0813 -0.0028
v  -0.0328 0.0805 -0.0028
v  -0.0321 0.0821 -0.0023
v  -0.0320 0.0819 -0.0028
v  -0.0311 0.0823 -0.0023
v  -0.0311 0.0822 -0.0028
v  -0.0302 0.0821 -0.0023
v  -0.0303 0.0819 -0.0028
v  -0.0296 0.0814 -0.0023
v  -0.0297 0.0813 -0.0028
v  -0.0293 0.0805 -0.0023
v  -0.0295 0.0805 -0.0028
v  -0.0296 0.0796 -0.0023
v  -0.0297 0.0796 -0.0028
v  -0.0302 0.0789 -0.0023
v  -0.0303 0.0790 -0.0028
v  -0.0311 0.0786 -0.0023
v  -0.0311 0.0788 -0.0028
v  -0.0321 0.0789 -0.0023
v  -0.0320 0.0790 -0.0028
v  -0.0327 0.0796 -0.0023
v  -0.0326 0.0796 -0.0028
v  -0.0321 0.0811 -0.0028
v  -0.0323 0.0805 -0.0028
v  -0.0317 0.0815 -0.0028
v  -0.0311 0.0816 -0.0028
v  -0.0306 0.0815 -0.0028
v  -0.0302 0.0811 -0.0028
v  -0.0300 0.0805 -0.0028
v  -0.0302 0.0799 -0.0028
v  -0.0306 0.0795 -0.0028
v  -0.0311 0.0793 -0.0028
v  -0.0317 0.0795 -0.0028
v  -0.0321 0.0799 -0.0028
v  -0.0329 0.0805 0.0031
v  -0.0327 0.0805 0.0072
v  -0.0325 0.0812 0.0072
v  -0.0327 0.0814 0.0031
v  -0.0319 0.0818 0.0072
v  -0.0320 0.0820 0.0031
v  -0.0311 0.0820 0.0072
v  -0.0311 0.0823 0.0031
v  -0.0304 0.0818 0.0072
v  -0.0303 0.0820 0.0031
v  -0.0298 0.0812 0.0072
v  -0.0296 0.0814 0.0031
v  -0.0296 0.0805 0.0072
v  -0.0294 0.0805 0.0031
v  -0.0298 0.0797 0.0072
v  -0.0296 0.0796 0.0031
v  -0.0304 0.0792 0.0072
v  -0.0303 0.0790 0.0031
v  -0.0311 0.0790 0.0072
v  -0.0311 0.0787 0.0031
v  -0.0319 0.0792 0.0072
v  -0.0320 0.0790 0.0031
v  -0.0325 0.0797 0.0072
v  -0.0327 0.0796 0.0031
v  -0.0329 0.0805 0.0076
v  -0.0327 0.0814 0.0076
v  -0.0320 0.0820 0.0076
v  -0.0311 0.0823 0.0076
v  -0.0302 0.0820 0.0076
v  -0.0296 0.0814 0.0076
v  -0.0294 0.0805 0.0076
v  -0.0296 0.0796 0.0076
v  -0.0302 0.0789 0.0076
v  -0.0311 0.0787 0.0076
v  -0.0320 0.0789 0.0076
v  -0.0327 0.0796 0.0076
v  -0.0328 0.0805 0.0083
v  -0.0326 0.0813 0.0083
v  -0.0327 0.0814 0.0078
v  -0.0330 0.0805 0.0078
v  -0.0320 0.0819 0.0083
v  -0.0321 0.0821 0.0078
v  -0.0311 0.0822 0.0083
v  -0.0311 0.0823 0.0078
v  -0.0303 0.0819 0.0083
v  -0.0302 0.0821 0.0078
v  -0.0297 0.0813 0.0083
v  -0.0296 0.0814 0.0078
v  -0.0295 0.0805 0.0083
v  -0.0293 0.0805 0.0078
v  -0.0297 0.0796 0.0083
v  -0.0296 0.0796 0.0078
v  -0.0303 0.0790 0.0083
v  -0.0302 0.0789 0.0078
v  -0.0311 0.0788 0.0083
v  -0.0311 0.0786 0.0078
v  -0.0320 0.0790 0.0083
v  -0.0321 0.0789 0.0078
v  -0.0326 0.0796 0.0083
v  -0.0327 0.0796 0.0078
v  -0.0322 0.0805 0.0084
v  -0.0321 0.0810 0.0084
v  -0.0317 0.0814 0.0084
v  -0.0311 0.0815 0.0084
v  -0.0306 0.0814 0.0084
v  -0.0302 0.0810 0.0084
v  -0.0301 0.0805 0.0084
v  -0.0302 0.0800 0.0084
v  -0.0306 0.0796 0.0084
v  -0.0311 0.0794 0.0084
v  -0.0317 0.0796 0.0084
v  -0.0321 0.0800 0.0084
v  -0.0309 0.0705 -0.0052
v  -0.0301 0.0705 -0.0076
v  -0.0301 0.0705 -0.0082
v  -0.0317 0.0705 -0.0095
v  -0.0160 0.0705 -0.0107
v  -0.0190 0.0705 -0.0110
v  -0.0297 0.0705 -0.0071
v  -0.0170 0.0705 -0.0135
v  -0.0190 0.0705 -0.0117
v  -0.0225 0.0705 -0.0133
v  -0.0194 0.0705 -0.0121
v  -0.0301 0.0703 -0.0082
v  -0.0301 0.0703 -0.0076
v  -0.0309 0.0703 -0.0052
v  -0.0317 0.0703 -0.0095
v  -0.0190 0.0703 -0.0110
v  -0.0160 0.0703 -0.0107
v  -0.0297 0.0703 -0.0071
v  -0.0190 0.0703 -0.0117
v  -0.0170 0.0703 -0.0135
v  -0.0194 0.0703 -0.0121
v  -0.0225 0.0703 -0.0133
v  -0.0185 0.0705 -0.0119
v  -0.0187 0.0705 -0.0122
v  -0.0187 0.0707 -0.0122
v  -0.0185 0.0707 -0.0119
v  -0.0190 0.0705 -0.0123
v  -0.0190 0.0707 -0.0123
v  -0.0193 0.0705 -0.0123
v  -0.0193 0.0707 -0.0123
v  -0.0196 0.0705 -0.0121
v  -0.0196 0.0707 -0.0121
v  -0.0197 0.0705 -0.0118
v  -0.0197 0.0707 -0.0118
v  -0.0197 0.0705 -0.0115
v  -0.0197 0.0707 -0.0115
v  -0.0195 0.0705 -0.0112
v  -0.0195 0.0707 -0.0112
v  -0.0192 0.0705 -0.0111
v  -0.0192 0.0707 -0.0111
v  -0.0189 0.0705 -0.0111
v  -0.0189 0.0707 -0.0111
v  -0.0186 0.0705 -0.0113
v  -0.0186 0.0707 -0.0113
v  -0.0185 0.0705 -0.0116
v  -0.0185 0.0707 -0.0116
v  -0.0187 0.0708 -0.0121
v  -0.0186 0.0708 -0.0119
v  -0.0190 0.0708 -0.0122
v  -0.0193 0.0708 -0.0122
v  -0.0195 0.0708 -0.0120
v  -0.0196 0.0708 -0.0118
v  -0.0196 0.0708 -0.0115
v  -0.0194 0.0708 -0.0113
v  -0.0192 0.0708 -0.0111
v  -0.0189 0.0708 -0.0112
v  -0.0187 0.0708 -0.0113
v  -0.0185 0.0708 -0.0116
v  -0.0191 0.0708 -0.0117
v  -0.0191 0.0705 -0.0117
v  -0.0202 0.0708 -0.0100
v  -0.0202 0.0708 -0.0096
v  -0.0200 0.0708 -0.0093
v  -0.0195 0.0707 -0.0107
v  -0.0190 0.0707 -0.0092
v  -0.0164 0.0707 -0.0101
v  -0.0169 0.0707 -0.0117
v  -0.0143 0.0711 -0.0119
v  -0.0141 0.0711 -0.0124
v  -0.0141 0.0711 -0.0130
v  -0.0146 0.0711 -0.0128
v  -0.0148 0.0711 -0.0116
v  -0.0151 0.0711 -0.0126
v  -0.0161 0.0711 -0.0121
v  -0.0158 0.0711 -0.0113
v  -0.0145 0.0711 -0.0134
v  -0.0150 0.0711 -0.0136
v  -0.0155 0.0711 -0.0136
v  -0.0165 0.0711 -0.0132
v  -0.0195 0.0705 -0.0107
v  -0.0190 0.0705 -0.0092
v  -0.0195 0.0705 -0.0091
v  -0.0200 0.0705 -0.0104
v  -0.0164 0.0705 -0.0101
v  -0.0169 0.0705 -0.0117
v  -0.0137 0.0705 -0.0113
v  -0.0143 0.0705 -0.0129
v  -0.0133 0.0705 -0.0133
v  -0.0132 0.0705 -0.0123
v  -0.0152 0.0705 -0.0126
v  -0.0145 0.0705 -0.0108
v  -0.0148 0.0705 -0.0146
v  -0.0139 0.0705 -0.0141
v  -0.0177 0.0705 -0.0137
v  -0.0158 0.0705 -0.0144
v  -0.0200 0.0707 -0.0092
v  -0.0203 0.0707 -0.0096
v  -0.0203 0.0705 -0.0096
v  -0.0200 0.0705 -0.0092
v  -0.0195 0.0707 -0.0091
v  -0.0200 0.0707 -0.0104
v  -0.0203 0.0707 -0.0100
v  -0.0203 0.0705 -0.0100
v  -0.0137 0.0707 -0.0113
v  -0.0145 0.0707 -0.0108
v  -0.0133 0.0707 -0.0133
v  -0.0132 0.0707 -0.0123
v  -0.0148 0.0707 -0.0146
v  -0.0139 0.0707 -0.0141
v  -0.0158 0.0707 -0.0144
v  -0.0177 0.0707 -0.0137
v  -0.0196 0.0708 -0.0092
v  -0.0192 0.0708 -0.0093
v  -0.0196 0.0708 -0.0105
v  -0.0200 0.0708 -0.0103
v  0.0311 0.0021 0.0242
v  0.0320 0.0020 0.0238
v  0.0320 0.0742 0.0173
v  0.0311 0.0743 0.0177
v  0.0324 0.0020 0.0230
v  0.0324 0.0740 0.0165
v  0.0320 0.0019 0.0221
v  0.0320 0.0739 0.0156
v  0.0311 0.0019 0.0217
v  0.0311 0.0738 0.0152
v  0.0303 0.0019 0.0221
v  0.0303 0.0739 0.0156
v  0.0299 0.0020 0.0230
v  0.0299 0.0740 0.0165
v  0.0303 0.0020 0.0238
v  0.0303 0.0742 0.0173
v  0.0320 0.0776 0.0164
v  0.0311 0.0778 0.0167
v  0.0324 0.0772 0.0156
v  0.0320 0.0769 0.0147
v  0.0311 0.0767 0.0144
v  0.0303 0.0769 0.0147
v  0.0299 0.0772 0.0156
v  0.0303 0.0776 0.0164
v  0.0320 0.0794 0.0151
v  0.0311 0.0796 0.0154
v  0.0324 0.0788 0.0145
v  0.0320 0.0781 0.0138
v  0.0311 0.0779 0.0136
v  0.0303 0.0781 0.0138
v  0.0299 0.0788 0.0145
v  0.0303 0.0794 0.0151
v  0.0320 0.0806 0.0134
v  0.0311 0.0809 0.0136
v  0.0324 0.0798 0.0130
v  0.0320 0.0790 0.0126
v  0.0311 0.0787 0.0124
v  0.0303 0.0790 0.0126
v  0.0299 0.0798 0.0130
v  0.0303 0.0806 0.0134
v  0.0320 0.0812 0.0116
v  0.0311 0.0816 0.0117
v  0.0324 0.0804 0.0115
v  0.0320 0.0795 0.0114
v  0.0311 0.0791 0.0113
v  0.0303 0.0795 0.0114
v  0.0299 0.0804 0.0115
v  0.0303 0.0812 0.0116
v  0.0320 0.0814 0.0093
v  0.0311 0.0817 0.0093
v  0.0324 0.0805 0.0093
v  0.0320 0.0796 0.0094
v  0.0311 0.0792 0.0094
v  0.0303 0.0796 0.0094
v  0.0299 0.0805 0.0093
v  0.0303 0.0814 0.0093
v  0.0320 0.0814 -0.0038
v  0.0311 0.0817 -0.0038
v  0.0324 0.0805 -0.0038
v  0.0320 0.0796 -0.0038
v  0.0303 0.0796 -0.0038
v  0.0311 0.0792 -0.0038
v  0.0299 0.0805 -0.0038
v  0.0311 0.0049 -0.0201
v  0.0311 0.0743 -0.0122
v  0.0320 0.0742 -0.0118
v  0.0320 0.0049 -0.0197
v  0.0324 0.0740 -0.0109
v  0.0324 0.0048 -0.0188
v  0.0320 0.0739 -0.0101
v  0.0320 0.0048 -0.0179
v  0.0311 0.0738 -0.0097
v  0.0311 0.0047 -0.0176
v  0.0303 0.0739 -0.0101
v  0.0303 0.0048 -0.0179
v  0.0299 0.0740 -0.0109
v  0.0299 0.0048 -0.0188
v  0.0303 0.0742 -0.0118
v  0.0303 0.0049 -0.0197
v  0.0311 0.0778 -0.0112
v  0.0320 0.0776 -0.0109
v  0.0324 0.0772 -0.0100
v  0.0320 0.0769 -0.0092
v  0.0311 0.0767 -0.0089
v  0.0303 0.0769 -0.0092
v  0.0299 0.0772 -0.0100
v  0.0303 0.0776 -0.0109
v  0.0311 0.0796 -0.0098
v  0.0320 0.0794 -0.0096
v  0.0324 0.0788 -0.0089
v  0.0320 0.0781 -0.0083
v  0.0311 0.0779 -0.0080
v  0.0303 0.0781 -0.0083
v  0.0299 0.0788 -0.0089
v  0.0303 0.0794 -0.0096
v  0.0311 0.0809 -0.0081
v  0.0320 0.0806 -0.0079
v  0.0324 0.0798 -0.0075
v  0.0320 0.0790 -0.0071
v  0.0311 0.0787 -0.0069
v  0.0303 0.0790 -0.0071
v  0.0299 0.0798 -0.0075
v  0.0303 0.0806 -0.0079
v  0.0311 0.0816 -0.0062
v  0.0320 0.0812 -0.0061
v  0.0324 0.0804 -0.0060
v  0.0320 0.0795 -0.0059
v  0.0311 0.0791 -0.0058
v  0.0303 0.0795 -0.0059
v  0.0299 0.0804 -0.0060
v  0.0303 0.0812 -0.0061
v  0.0303 0.0814 -0.0038
v  0.0322 0.0329 0.0194
v  0.0319 0.0329 0.0191
v  0.0319 0.0385 0.0182
v  0.0322 0.0388 0.0192
v  0.0311 0.0328 0.0188
v  0.0311 0.0384 0.0179
v  0.0304 0.0329 0.0191
v  0.0304 0.0385 0.0182
v  0.0301 0.0329 0.0194
v  0.0301 0.0388 0.0191
v  0.0311 0.0392 0.0199
v  0.0319 0.0391 0.0196
v  0.0319 0.0424 0.0172
v  0.0311 0.0427 0.0174
v  0.0322 0.0418 0.0168
v  0.0319 0.0411 0.0163
v  0.0311 0.0409 0.0161
v  0.0304 0.0411 0.0163
v  0.0301 0.0418 0.0168
v  0.0304 0.0391 0.0196
v  0.0304 0.0424 0.0172
v  0.0319 0.0432 0.0143
v  0.0311 0.0435 0.0144
v  0.0322 0.0424 0.0142
v  0.0319 0.0417 0.0141
v  0.0311 0.0414 0.0141
v  0.0304 0.0417 0.0141
v  0.0301 0.0424 0.0142
v  0.0304 0.0432 0.0143
v  0.0319 0.0432 0.0022
v  0.0311 0.0435 0.0022
v  0.0322 0.0424 0.0022
v  0.0319 0.0417 0.0022
v  0.0311 0.0414 0.0022
v  0.0304 0.0417 0.0022
v  0.0301 0.0424 0.0022
v  0.0304 0.0432 0.0022
v  0.0322 0.0329 -0.0147
v  0.0322 0.0388 -0.0143
v  0.0319 0.0385 -0.0135
v  0.0319 0.0329 -0.0142
v  0.0311 0.0384 -0.0132
v  0.0311 0.0328 -0.0140
v  0.0304 0.0385 -0.0135
v  0.0304 0.0329 -0.0142
v  0.0301 0.0388 -0.0143
v  0.0301 0.0329 -0.0147
v  0.0311 0.0392 -0.0152
v  0.0311 0.0427 -0.0126
v  0.0319 0.0424 -0.0124
v  0.0319 0.0391 -0.0149
v  0.0322 0.0418 -0.0120
v  0.0319 0.0411 -0.0116
v  0.0311 0.0409 -0.0114
v  0.0304 0.0411 -0.0116
v  0.0301 0.0418 -0.0120
v  0.0304 0.0424 -0.0124
v  0.0304 0.0391 -0.0149
v  0.0311 0.0435 -0.0096
v  0.0319 0.0432 -0.0096
v  0.0322 0.0424 -0.0095
v  0.0319 0.0417 -0.0094
v  0.0311 0.0414 -0.0094
v  0.0304 0.0417 -0.0094
v  0.0301 0.0424 -0.0095
v  0.0304 0.0432 -0.0096
v  0.0311 0.0722 0.0158
v  0.0319 0.0719 0.0158
v  0.0319 0.0711 0.0030
v  0.0311 0.0714 0.0030
v  0.0322 0.0712 0.0158
v  0.0322 0.0704 0.0030
v  0.0319 0.0705 0.0159
v  0.0319 0.0697 0.0030
v  0.0311 0.0702 0.0159
v  0.0311 0.0693 0.0030
v  0.0304 0.0705 0.0159
v  0.0304 0.0697 0.0030
v  0.0301 0.0712 0.0158
v  0.0301 0.0704 0.0030
v  0.0304 0.0719 0.0158
v  0.0304 0.0711 0.0030
v  0.0319 0.0726 -0.0107
v  0.0311 0.0729 -0.0106
v  0.0322 0.0719 -0.0107
v  0.0319 0.0711 -0.0108
v  0.0311 0.0708 -0.0109
v  0.0304 0.0711 -0.0108
v  0.0301 0.0719 -0.0107
v  0.0304 0.0726 -0.0107
v  0.0311 0.0012 0.0246
v  0.0311 0.0022 0.0246
v  0.0299 0.0021 0.0241
v  0.0299 0.0012 0.0241
v  0.0294 0.0020 0.0229
v  0.0294 0.0011 0.0229
v  0.0299 0.0019 0.0217
v  0.0299 0.0010 0.0217
v  0.0311 0.0019 0.0212
v  0.0311 0.0009 0.0212
v  0.0324 0.0019 0.0217
v  0.0324 0.0010 0.0217
v  0.0329 0.0020 0.0229
v  0.0329 0.0011 0.0229
v  0.0324 0.0021 0.0241
v  0.0324 0.0012 0.0241
v  0.0304 0.0000 0.0237
v  0.0311 0.0000 0.0240
v  0.0319 0.0000 0.0237
v  0.0322 0.0000 0.0229
v  0.0319 0.0000 0.0222
v  0.0311 0.0000 0.0219
v  0.0304 0.0000 0.0222
v  0.0301 0.0000 0.0229
v  0.0311 0.0000 0.0229
v  0.0311 0.0020 0.0229
v  0.0332 0.0129 -0.0184
v  0.0332 0.0122 -0.0156
v  0.0340 0.0119 -0.0157
v  0.0340 0.0126 -0.0184
v  0.0340 0.0105 -0.0164
v  0.0340 0.0110 -0.0184
v  0.0332 0.0103 -0.0165
v  0.0332 0.0107 -0.0184
v  0.0324 0.0105 -0.0164
v  0.0324 0.0110 -0.0184
v  0.0324 0.0119 -0.0157
v  0.0324 0.0126 -0.0184
v  0.0332 0.0104 -0.0133
v  0.0340 0.0102 -0.0136
v  0.0340 0.0093 -0.0148
v  0.0332 0.0091 -0.0150
v  0.0324 0.0093 -0.0148
v  0.0324 0.0102 -0.0136
v  0.0332 0.0079 -0.0121
v  0.0340 0.0078 -0.0124
v  0.0340 0.0074 -0.0139
v  0.0332 0.0074 -0.0142
v  0.0324 0.0074 -0.0139
v  0.0324 0.0078 -0.0124
v  0.0332 0.0050 -0.0121
v  0.0340 0.0051 -0.0124
v  0.0340 0.0054 -0.0139
v  0.0332 0.0055 -0.0142
v  0.0324 0.0054 -0.0139
v  0.0324 0.0051 -0.0124
v  0.0332 0.0024 -0.0133
v  0.0340 0.0026 -0.0136
v  0.0340 0.0036 -0.0148
v  0.0332 0.0038 -0.0150
v  0.0324 0.0036 -0.0148
v  0.0324 0.0026 -0.0136
v  0.0332 0.0006 -0.0156
v  0.0340 0.0009 -0.0157
v  0.0340 0.0023 -0.0164
v  0.0332 0.0026 -0.0165
v  0.0324 0.0023 -0.0164
v  0.0324 0.0009 -0.0157
v  0.0332 0.0000 -0.0184
v  0.0340 0.0003 -0.0184
v  0.0340 0.0019 -0.0184
v  0.0332 0.0022 -0.0184
v  0.0324 0.0019 -0.0184
v  0.0324 0.0003 -0.0184
v  0.0332 0.0006 -0.0212
v  0.0340 0.0009 -0.0210
v  0.0340 0.0023 -0.0204
v  0.0332 0.0026 -0.0202
v  0.0324 0.0023 -0.0204
v  0.0324 0.0009 -0.0210
v  0.0332 0.0024 -0.0234
v  0.0340 0.0026 -0.0232
v  0.0340 0.0036 -0.0219
v  0.0332 0.0038 -0.0217
v  0.0324 0.0036 -0.0219
v  0.0324 0.0026 -0.0232
v  0.0332 0.0050 -0.0246
v  0.0340 0.0051 -0.0243
v  0.0340 0.0054 -0.0228
v  0.0332 0.0055 -0.0225
v  0.0324 0.0054 -0.0228
v  0.0324 0.0051 -0.0243
v  0.0332 0.0079 -0.0246
v  0.0340 0.0078 -0.0243
v  0.0340 0.0074 -0.0228
v  0.0332 0.0074 -0.0225
v  0.0324 0.0074 -0.0228
v  0.0324 0.0078 -0.0243
v  0.0332 0.0104 -0.0234
v  0.0340 0.0102 -0.0232
v  0.0340 0.0093 -0.0219
v  0.0332 0.0091 -0.0217
v  0.0324 0.0093 -0.0219
v  0.0324 0.0102 -0.0232
v  0.0332 0.0122 -0.0212
v  0.0340 0.0119 -0.0210
v  0.0340 0.0105 -0.0204
v  0.0332 0.0103 -0.0202
v  0.0324 0.0105 -0.0204
v  0.0324 0.0119 -0.0210
v  0.0337 0.0064 -0.0166
v  0.0340 0.0064 -0.0166
v  0.0340 0.0073 -0.0169
v  0.0337 0.0073 -0.0169
v  0.0340 0.0079 -0.0175
v  0.0337 0.0079 -0.0175
v  0.0340 0.0082 -0.0184
v  0.0337 0.0082 -0.0184
v  0.0340 0.0079 -0.0192
v  0.0337 0.0079 -0.0192
v  0.0340 0.0073 -0.0199
v  0.0337 0.0073 -0.0199
v  0.0340 0.0064 -0.0201
v  0.0337 0.0064 -0.0201
v  0.0340 0.0056 -0.0199
v  0.0337 0.0056 -0.0199
v  0.0340 0.0049 -0.0192
v  0.0337 0.0049 -0.0192
v  0.0340 0.0047 -0.0184
v  0.0337 0.0047 -0.0184
v  0.0340 0.0049 -0.0175
v  0.0337 0.0049 -0.0175
v  0.0340 0.0056 -0.0169
v  0.0337 0.0056 -0.0169
v  0.0340 0.0064 -0.0184
v  0.0337 0.0064 -0.0184
v  0.0337 0.0038 -0.0160
v  0.0337 0.0049 -0.0152
v  0.0337 0.0044 -0.0142
v  0.0337 0.0030 -0.0153
v  0.0337 0.0031 -0.0172
v  0.0337 0.0020 -0.0169
v  0.0337 0.0065 -0.0149
v  0.0337 0.0065 -0.0137
v  0.0337 0.0078 -0.0151
v  0.0337 0.0083 -0.0141
v  0.0337 0.0089 -0.0159
v  0.0337 0.0098 -0.0151
v  0.0337 0.0057 -0.0169
v  0.0337 0.0065 -0.0167
v  0.0337 0.0098 -0.0173
v  0.0337 0.0109 -0.0170
v  0.0337 0.0080 -0.0179
v  0.0337 0.0076 -0.0172
v  0.0337 0.0099 -0.0187
v  0.0337 0.0111 -0.0188
v  0.0337 0.0049 -0.0186
v  0.0337 0.0049 -0.0178
v  0.0337 0.0030 -0.0189
v  0.0337 0.0034 -0.0201
v  0.0337 0.0024 -0.0207
v  0.0337 0.0037 -0.0221
v  0.0337 0.0043 -0.0212
v  0.0337 0.0018 -0.0190
v  0.0337 0.0058 -0.0218
v  0.0337 0.0056 -0.0229
v  0.0337 0.0072 -0.0218
v  0.0337 0.0074 -0.0229
v  0.0337 0.0084 -0.0213
v  0.0337 0.0091 -0.0222
v  0.0337 0.0062 -0.0200
v  0.0337 0.0055 -0.0197
v  0.0337 0.0095 -0.0200
v  0.0337 0.0106 -0.0206
v  0.0337 0.0079 -0.0191
v  0.0337 0.0074 -0.0197
v  0.0327 0.0049 -0.0178
v  0.0327 0.0031 -0.0172
v  0.0327 0.0038 -0.0160
v  0.0327 0.0049 -0.0152
v  0.0327 0.0057 -0.0169
v  0.0327 0.0089 -0.0159
v  0.0327 0.0076 -0.0172
v  0.0327 0.0065 -0.0167
v  0.0327 0.0065 -0.0149
v  0.0327 0.0080 -0.0179
v  0.0327 0.0098 -0.0173
v  0.0327 0.0099 -0.0187
v  0.0327 0.0043 -0.0212
v  0.0327 0.0034 -0.0201
v  0.0327 0.0074 -0.0197
v  0.0327 0.0084 -0.0213
v  0.0327 0.0072 -0.0218
v  0.0327 0.0058 -0.0218
v  0.0327 0.0062 -0.0200
v  0.0327 0.0079 -0.0191
v  0.0327 0.0030 -0.0153
v  0.0327 0.0044 -0.0142
v  0.0327 0.0020 -0.0169
v  0.0327 0.0065 -0.0137
v  0.0327 0.0078 -0.0151
v  0.0327 0.0083 -0.0141
v  0.0327 0.0098 -0.0151
v  0.0327 0.0109 -0.0170
v  0.0327 0.0111 -0.0188
v  0.0327 0.0049 -0.0186
v  0.0327 0.0030 -0.0189
v  0.0327 0.0037 -0.0221
v  0.0327 0.0024 -0.0207
v  0.0327 0.0018 -0.0190
v  0.0327 0.0056 -0.0229
v  0.0327 0.0074 -0.0229
v  0.0327 0.0091 -0.0222
v  0.0327 0.0055 -0.0197
v  0.0327 0.0095 -0.0200
v  0.0327 0.0106 -0.0206
v  0.0324 0.0064 -0.0166
v  0.0327 0.0064 -0.0166
v  0.0327 0.0073 -0.0169
v  0.0324 0.0073 -0.0169
v  0.0327 0.0079 -0.0175
v  0.0324 0.0079 -0.0175
v  0.0327 0.0082 -0.0184
v  0.0324 0.0082 -0.0184
v  0.0327 0.0079 -0.0192
v  0.0324 0.0079 -0.0192
v  0.0327 0.0073 -0.0199
v  0.0324 0.0073 -0.0199
v  0.0327 0.0064 -0.0201
v  0.0324 0.0064 -0.0201
v  0.0327 0.0056 -0.0199
v  0.0324 0.0056 -0.0199
v  0.0327 0.0049 -0.0192
v  0.0324 0.0049 -0.0192
v  0.0327 0.0047 -0.0184
v  0.0324 0.0047 -0.0184
v  0.0327 0.0049 -0.0175
v  0.0324 0.0049 -0.0175
v  0.0327 0.0056 -0.0169
v  0.0324 0.0056 -0.0169
v  0.0327 0.0064 -0.0184
v  0.0324 0.0064 -0.0184
v  0.0329 0.0805 0.0024
v  0.0327 0.0805 -0.0016
v  0.0325 0.0812 -0.0016
v  0.0327 0.0814 0.0024
v  0.0319 0.0818 -0.0016
v  0.0320 0.0820 0.0024
v  0.0311 0.0820 -0.0016
v  0.0311 0.0823 0.0024
v  0.0304 0.0818 -0.0016
v  0.0303 0.0820 0.0024
v  0.0298 0.0812 -0.0016
v  0.0296 0.0814 0.0024
v  0.0296 0.0805 -0.0016
v  0.0294 0.0805 0.0024
v  0.0298 0.0797 -0.0016
v  0.0296 0.0796 0.0024
v  0.0304 0.0792 -0.0016
v  0.0303 0.0790 0.0024
v  0.0311 0.0790 -0.0016
v  0.0311 0.0787 0.0024
v  0.0319 0.0792 -0.0016
v  0.0320 0.0790 0.0024
v  0.0325 0.0797 -0.0016
v  0.0327 0.0796 0.0024
v  0.0329 0.0805 -0.0021
v  0.0327 0.0814 -0.0021
v  0.0320 0.0820 -0.0021
v  0.0311 0.0823 -0.0021
v  0.0302 0.0820 -0.0021
v  0.0296 0.0814 -0.0021
v  0.0294 0.0805 -0.0021
v  0.0296 0.0796 -0.0021
v  0.0302 0.0789 -0.0021
v  0.0311 0.0787 -0.0021
v  0.0320 0.0789 -0.0021
v  0.0327 0.0796 -0.0021
v  0.0330 0.0805 -0.0023
v  0.0328 0.0805 -0.0028
v  0.0326 0.0813 -0.0028
v  0.0327 0.0814 -0.0023
v  0.0320 0.0819 -0.0028
v  0.0321 0.0821 -0.0023
v  0.0311 0.0822 -0.0028
v  0.0311 0.0823 -0.0023
v  0.0303 0.0819 -0.0028
v  0.0302 0.0821 -0.0023
v  0.0297 0.0813 -0.0028
v  0.0296 0.0814 -0.0023
v  0.0295 0.0805 -0.0028
v  0.0293 0.0805 -0.0023
v  0.0297 0.0796 -0.0028
v  0.0296 0.0796 -0.0023
v  0.0303 0.0790 -0.0028
v  0.0302 0.0789 -0.0023
v  0.0311 0.0788 -0.0028
v  0.0311 0.0786 -0.0023
v  0.0320 0.0790 -0.0028
v  0.0321 0.0789 -0.0023
v  0.0326 0.0796 -0.0028
v  0.0327 0.0796 -0.0023
v  0.0323 0.0805 -0.0028
v  0.0321 0.0811 -0.0028
v  0.0317 0.0815 -0.0028
v  0.0311 0.0816 -0.0028
v  0.0306 0.0815 -0.0028
v  0.0302 0.0811 -0.0028
v  0.0300 0.0805 -0.0028
v  0.0302 0.0799 -0.0028
v  0.0306 0.0795 -0.0028
v  0.0311 0.0793 -0.0028
v  0.0317 0.0795 -0.0028
v  0.0321 0.0799 -0.0028
v  0.0329 0.0805 0.0031
v  0.0327 0.0814 0.0031
v  0.0325 0.0812 0.0072
v  0.0327 0.0805 0.0072
v  0.0320 0.0820 0.0031
v  0.0319 0.0818 0.0072
v  0.0311 0.0823 0.0031
v  0.0311 0.0820 0.0072
v  0.0303 0.0820 0.0031
v  0.0304 0.0818 0.0072
v  0.0296 0.0814 0.0031
v  0.0298 0.0812 0.0072
v  0.0294 0.0805 0.0031
v  0.0296 0.0805 0.0072
v  0.0296 0.0796 0.0031
v  0.0298 0.0797 0.0072
v  0.0303 0.0790 0.0031
v  0.0304 0.0792 0.0072
v  0.0311 0.0787 0.0031
v  0.0311 0.0790 0.0072
v  0.0320 0.0790 0.0031
v  0.0319 0.0792 0.0072
v  0.0327 0.0796 0.0031
v  0.0325 0.0797 0.0072
v  0.0327 0.0814 0.0076
v  0.0329 0.0805 0.0076
v  0.0320 0.0820 0.0076
v  0.0311 0.0823 0.0076
v  0.0302 0.0820 0.0076
v  0.0296 0.0814 0.0076
v  0.0294 0.0805 0.0076
v  0.0296 0.0796 0.0076
v  0.0302 0.0789 0.0076
v  0.0311 0.0787 0.0076
v  0.0320 0.0789 0.0076
v  0.0327 0.0796 0.0076
v  0.0328 0.0805 0.0083
v  0.0330 0.0805 0.0078
v  0.0327 0.0814 0.0078
v  0.0326 0.0813 0.0083
v  0.0321 0.0821 0.0078
v  0.0320 0.0819 0.0083
v  0.0311 0.0823 0.0078
v  0.0311 0.0822 0.0083
v  0.0302 0.0821 0.0078
v  0.0303 0.0819 0.0083
v  0.0296 0.0814 0.0078
v  0.0297 0.0813 0.0083
v  0.0293 0.0805 0.0078
v  0.0295 0.0805 0.0083
v  0.0296 0.0796 0.0078
v  0.0297 0.0796 0.0083
v  0.0302 0.0789 0.0078
v  0.0303 0.0790 0.0083
v  0.0311 0.0786 0.0078
v  0.0311 0.0788 0.0083
v  0.0321 0.0789 0.0078
v  0.0320 0.0790 0.0083
v  0.0327 0.0796 0.0078
v  0.0326 0.0796 0.0083
v  0.0321 0.0810 0.0084
v  0.0322 0.0805 0.0084
v  0.0317 0.0814 0.0084
v  0.0311 0.0815 0.0084
v  0.0306 0.0814 0.0084
v  0.0302 0.0810 0.0084
v  0.0301 0.0805 0.0084
v  0.0302 0.0800 0.0084
v  0.0306 0.0796 0.0084
v  0.0311 0.0794 0.0084
v  0.0317 0.0796 0.0084
v  0.0321 0.0800 0.0084
v  0.0309 0.0705 -0.0052
v  0.0317 0.0705 -0.0095
v  0.0301 0.0705 -0.0082
v  0.0301 0.0705 -0.0076
v  0.0297 0.0705 -0.0071
v  0.0190 0.0705 -0.0110
v  0.0160 0.0705 -0.0107
v  0.0170 0.0705 -0.0135
v  0.0190 0.0705 -0.0117
v  0.0194 0.0705 -0.0121
v  0.0225 0.0705 -0.0133
v  0.0301 0.0703 -0.0082
v  0.0317 0.0703 -0.0095
v  0.0309 0.0703 -0.0052
v  0.0301 0.0703 -0.0076
v  0.0190 0.0703 -0.0110
v  0.0297 0.0703 -0.0071
v  0.0160 0.0703 -0.0107
v  0.0170 0.0703 -0.0135
v  0.0190 0.0703 -0.0117
v  0.0194 0.0703 -0.0121
v  0.0225 0.0703 -0.0133
v  0.0185 0.0705 -0.0119
v  0.0185 0.0707 -0.0119
v  0.0187 0.0707 -0.0122
v  0.0187 0.0705 -0.0122
v  0.0190 0.0707 -0.0123
v  0.0190 0.0705 -0.0123
v  0.0193 0.0707 -0.0123
v  0.0193 0.0705 -0.0123
v  0.0196 0.0707 -0.0121
v  0.0196 0.0705 -0.0121
v  0.0197 0.0707 -0.0118
v  0.0197 0.0705 -0.0118
v  0.0197 0.0707 -0.0115
v  0.0197 0.0705 -0.0115
v  0.0195 0.0707 -0.0112
v  0.0195 0.0705 -0.0112
v  0.0192 0.0707 -0.0111
v  0.0192 0.0705 -0.0111
v  0.0189 0.0707 -0.0111
v  0.0189 0.0705 -0.0111
v  0.0186 0.0707 -0.0113
v  0.0186 0.0705 -0.0113
v  0.0185 0.0707 -0.0116
v  0.0185 0.0705 -0.0116
v  0.0186 0.0708 -0.0119
v  0.0187 0.0708 -0.0121
v  0.0190 0.0708 -0.0122
v  0.0193 0.0708 -0.0122
v  0.0195 0.0708 -0.0120
v  0.0196 0.0708 -0.0118
v  0.0196 0.0708 -0.0115
v  0.0194 0.0708 -0.0113
v  0.0192 0.0708 -0.0111
v  0.0189 0.0708 -0.0112
v  0.0187 0.0708 -0.0113
v  0.0185 0.0708 -0.0116
v  0.0191 0.0708 -0.0117
v  0.0191 0.0705 -0.0117
v  0.0202 0.0708 -0.0100
v  0.0200 0.0708 -0.0093
v  0.0202 0.0708 -0.0096
v  0.0195 0.0707 -0.0107
v  0.0169 0.0707 -0.0117
v  0.0164 0.0707 -0.0101
v  0.0190 0.0707 -0.0092
v  0.0143 0.0711 -0.0119
v  0.0146 0.0711 -0.0128
v  0.0141 0.0711 -0.0130
v  0.0141 0.0711 -0.0124
v  0.0148 0.0711 -0.0116
v  0.0158 0.0711 -0.0113
v  0.0161 0.0711 -0.0121
v  0.0151 0.0711 -0.0126
v  0.0145 0.0711 -0.0134
v  0.0150 0.0711 -0.0136
v  0.0165 0.0711 -0.0132
v  0.0155 0.0711 -0.0136
v  0.0195 0.0705 -0.0107
v  0.0200 0.0705 -0.0104
v  0.0195 0.0705 -0.0091
v  0.0190 0.0705 -0.0092
v  0.0164 0.0705 -0.0101
v  0.0169 0.0705 -0.0117
v  0.0137 0.0705 -0.0113
v  0.0132 0.0705 -0.0123
v  0.0133 0.0705 -0.0133
v  0.0143 0.0705 -0.0129
v  0.0145 0.0705 -0.0108
v  0.0152 0.0705 -0.0126
v  0.0148 0.0705 -0.0146
v  0.0139 0.0705 -0.0141
v  0.0177 0.0705 -0.0137
v  0.0158 0.0705 -0.0144
v  0.0200 0.0707 -0.0092
v  0.0200 0.0705 -0.0092
v  0.0203 0.0705 -0.0096
v  0.0203 0.0707 -0.0096
v  0.0195 0.0707 -0.0091
v  0.0200 0.0707 -0.0104
v  0.0203 0.0705 -0.0100
v  0.0203 0.0707 -0.0100
v  0.0137 0.0707 -0.0113
v  0.0145 0.0707 -0.0108
v  0.0133 0.0707 -0.0133
v  0.0132 0.0707 -0.0123
v  0.0148 0.0707 -0.0146
v  0.0139 0.0707 -0.0141
v  0.0158 0.0707 -0.0144
v  0.0177 0.0707 -0.0137
v  0.0196 0.0708 -0.0092
v  0.0192 0.0708 -0.0093
v  0.0196 0.0708 -0.0105
v  0.0200 0.0708 -0.0103
v  -0.0311 0.0702 -0.0116
v  -0.0032 0.0702 -0.0140
v  -0.0032 0.0699 -0.0147
v  -0.0311 0.0699 -0.0124
v  -0.0033 0.0692 -0.0150
v  -0.0312 0.0692 -0.0127
v  -0.0033 0.0685 -0.0147
v  -0.0311 0.0684 -0.0124
v  -0.0032 0.0682 -0.0140
v  -0.0311 0.0682 -0.0116
v  -0.0032 0.0684 -0.0132
v  -0.0310 0.0684 -0.0109
v  -0.0033 0.0692 -0.0129
v  -0.0310 0.0692 -0.0106
v  -0.0033 0.0699 -0.0132
v  -0.0310 0.0699 -0.0109
v  0.0311 0.0702 -0.0116
v  0.0311 0.0699 -0.0124
v  0.0033 0.0699 -0.0147
v  0.0032 0.0702 -0.0140
v  0.0312 0.0692 -0.0127
v  0.0033 0.0692 -0.0150
v  0.0311 0.0684 -0.0124
v  0.0032 0.0685 -0.0147
v  0.0311 0.0682 -0.0116
v  0.0032 0.0682 -0.0140
v  0.0310 0.0684 -0.0109
v  0.0033 0.0684 -0.0132
v  0.0310 0.0692 -0.0106
v  0.0033 0.0692 -0.0129
v  0.0310 0.0699 -0.0109
v  0.0032 0.0699 -0.0132
v  0.0000 0.0702 -0.0141
v  0.0000 0.0699 -0.0148
v  0.0000 0.0692 -0.0152
v  0.0000 0.0684 -0.0148
v  0.0000 0.0682 -0.0141
v  0.0000 0.0684 -0.0134
v  0.0000 0.0692 -0.0131
v  0.0000 0.0699 -0.0134
v  -0.0311 0.0528 -0.0137
v  -0.0290 0.0555 -0.0137
v  -0.0288 0.0554 -0.0142
v  -0.0310 0.0527 -0.0142
v  -0.0284 0.0550 -0.0144
v  -0.0306 0.0524 -0.0144
v  -0.0281 0.0547 -0.0142
v  -0.0302 0.0521 -0.0142
v  -0.0279 0.0546 -0.0137
v  -0.0300 0.0519 -0.0137
v  -0.0281 0.0547 -0.0132
v  -0.0302 0.0521 -0.0132
v  -0.0284 0.0550 -0.0130
v  -0.0306 0.0524 -0.0130
v  -0.0288 0.0554 -0.0132
v  -0.0310 0.0527 -0.0132
v  -0.0266 0.0580 -0.0137
v  -0.0264 0.0578 -0.0142
v  -0.0261 0.0575 -0.0144
v  -0.0257 0.0571 -0.0142
v  -0.0256 0.0569 -0.0137
v  -0.0257 0.0571 -0.0132
v  -0.0261 0.0575 -0.0130
v  -0.0264 0.0578 -0.0132
v  -0.0211 0.0622 -0.0137
v  -0.0210 0.0620 -0.0142
v  -0.0207 0.0616 -0.0144
v  -0.0205 0.0612 -0.0142
v  -0.0203 0.0610 -0.0137
v  -0.0205 0.0612 -0.0132
v  -0.0207 0.0616 -0.0130
v  -0.0210 0.0620 -0.0132
v  -0.0150 0.0654 -0.0137
v  -0.0149 0.0652 -0.0142
v  -0.0147 0.0648 -0.0144
v  -0.0145 0.0643 -0.0142
v  -0.0145 0.0641 -0.0137
v  -0.0145 0.0643 -0.0132
v  -0.0147 0.0648 -0.0130
v  -0.0149 0.0652 -0.0132
v  -0.0084 0.0675 -0.0137
v  -0.0083 0.0673 -0.0142
v  -0.0082 0.0668 -0.0144
v  -0.0081 0.0663 -0.0142
v  -0.0081 0.0661 -0.0137
v  -0.0081 0.0663 -0.0132
v  -0.0082 0.0668 -0.0130
v  -0.0083 0.0673 -0.0132
v  -0.0015 0.0684 -0.0137
v  -0.0015 0.0682 -0.0142
v  -0.0015 0.0677 -0.0144
v  -0.0014 0.0672 -0.0142
v  -0.0014 0.0670 -0.0137
v  -0.0014 0.0672 -0.0132
v  -0.0015 0.0677 -0.0130
v  -0.0015 0.0682 -0.0132
v  0.0020 0.0684 -0.0137
v  0.0019 0.0682 -0.0142
v  0.0019 0.0677 -0.0144
v  0.0019 0.0672 -0.0142
v  0.0019 0.0670 -0.0137
v  0.0019 0.0672 -0.0132
v  0.0019 0.0677 -0.0130
v  0.0019 0.0682 -0.0132
v  0.0088 0.0674 -0.0137
v  0.0088 0.0672 -0.0142
v  0.0087 0.0667 -0.0144
v  0.0085 0.0662 -0.0142
v  0.0085 0.0660 -0.0137
v  0.0085 0.0662 -0.0132
v  0.0087 0.0667 -0.0130
v  0.0088 0.0672 -0.0132
v  0.0154 0.0652 -0.0137
v  0.0154 0.0650 -0.0142
v  0.0152 0.0646 -0.0144
v  0.0150 0.0641 -0.0142
v  0.0149 0.0639 -0.0137
v  0.0150 0.0641 -0.0132
v  0.0152 0.0646 -0.0130
v  0.0154 0.0650 -0.0132
v  0.0215 0.0619 -0.0137
v  0.0214 0.0618 -0.0142
v  0.0211 0.0614 -0.0144
v  0.0208 0.0609 -0.0142
v  0.0207 0.0608 -0.0137
v  0.0208 0.0609 -0.0132
v  0.0211 0.0614 -0.0130
v  0.0214 0.0618 -0.0132
v  0.0269 0.0576 -0.0137
v  0.0267 0.0575 -0.0142
v  0.0264 0.0571 -0.0144
v  0.0260 0.0568 -0.0142
v  0.0259 0.0566 -0.0137
v  0.0260 0.0568 -0.0132
v  0.0264 0.0571 -0.0130
v  0.0267 0.0575 -0.0132
v  0.0293 0.0551 -0.0137
v  0.0291 0.0550 -0.0142
v  0.0287 0.0547 -0.0144
v  0.0283 0.0544 -0.0142
v  0.0282 0.0542 -0.0137
v  0.0283 0.0544 -0.0132
v  0.0287 0.0547 -0.0130
v  0.0291 0.0550 -0.0132
v  0.0314 0.0525 -0.0137
v  0.0312 0.0523 -0.0142
v  0.0308 0.0520 -0.0144
v  0.0304 0.0517 -0.0142
v  0.0303 0.0516 -0.0137
v  0.0304 0.0517 -0.0132
v  0.0308 0.0520 -0.0130
v  0.0312 0.0523 -0.0132
# 1558 vertices

vn 0.0000 0.0899 0.9960
vn 0.0000 0.1787 0.9839
vn -0.6968 0.1284 0.7056
vn -0.7050 0.0637 0.7063
vn -0.9997 0.0039 0.0226
vn -1.0000 0.0003 0.0036
vn -0.7190 -0.1253 -0.6836
vn -0.7086 -0.0634 -0.7028
vn 0.0000 -0.1803 -0.9836
vn 0.0000 -0.0899 -0.9960
vn 0.7190 -0.1253 -0.6836
vn 0.7086 -0.0634 -0.7028
vn 0.9997 0.0039 0.0226
vn 1.0000 0.0003 0.0036
vn 0.6968 0.1284 0.7056
vn 0.7050 0.0637 0.7063
vn 0.0000 0.4331 0.9013
vn -0.6890 0.3149 0.6528
vn -0.9991 0.0187 0.0371
vn -0.7320 -0.2969 -0.6132
vn -0.0000 -0.4372 -0.8993
vn 0.7320 -0.2969 -0.6132
vn 0.9991 0.0187 0.0371
vn 0.6890 0.3149 0.6528
vn 0.0000 0.7078 0.7064
vn -0.6904 0.5120 0.5110
vn -0.9992 0.0277 0.0276
vn -0.7284 -0.4848 -0.4841
vn 0.0000 -0.7082 -0.7060
vn 0.7284 -0.4848 -0.4841
vn 0.9992 0.0277 0.0276
vn 0.6904 0.5120 0.5110
vn 0.0000 0.8839 0.4676
vn -0.6909 0.6390 0.3382
vn -0.9995 0.0290 0.0147
vn -0.7235 -0.6071 -0.3285
vn 0.0000 -0.8785 -0.4777
vn 0.7235 -0.6071 -0.3285
vn 0.9995 0.0290 0.0147
vn 0.6909 0.6390 0.3382
vn -0.0000 0.9801 0.1984
vn -0.6902 0.7089 0.1455
vn -0.9993 0.0359 0.0085
vn -0.7260 -0.6722 -0.1452
vn 0.0000 -0.9766 -0.2149
vn 0.7260 -0.6722 -0.1452
vn 0.9993 0.0359 0.0085
vn 0.6902 0.7089 0.1455
vn 0.0000 0.9996 0.0280
vn -0.7032 0.7108 0.0202
vn -1.0000 0.0089 0.0005
vn -0.7085 -0.7054 -0.0211
vn 0.0000 -0.9995 -0.0304
vn 0.7085 -0.7054 -0.0211
vn 1.0000 0.0089 0.0005
vn 0.7031 0.7108 0.0202
vn 0.0000 0.9996 -0.0281
vn -0.7032 0.7107 -0.0203
vn -1.0000 0.0089 -0.0005
vn -0.7085 -0.7054 0.0211
vn -0.0000 -0.9995 0.0304
vn 0.7085 -0.7054 0.0211
vn 1.0000 0.0089 -0.0005
vn 0.0000 0.1131 -0.9936
vn -0.7035 0.0803 -0.7062
vn -0.6977 0.1363 -0.7033
vn 0.0000 0.1899 -0.9818
vn -1.0000 0.0009 -0.0080
vn -0.9998 0.0036 -0.0193
vn -0.7089 -0.0797 0.7008
vn -0.7164 -0.1345 0.6846
vn 0.0000 -0.1130 0.9936
vn 0.0000 -0.1936 0.9811
vn 0.7089 -0.0797 0.7008
vn 0.7164 -0.1345 0.6846
vn 1.0000 0.0009 -0.0080
vn 0.9998 0.0036 -0.0193
vn 0.7035 0.0803 -0.7062
vn 0.6977 0.1363 -0.7033
vn -0.6885 0.3139 -0.6537
vn -0.0000 0.4315 -0.9021
vn -0.9990 0.0194 -0.0393
vn -0.7324 -0.2974 0.6125
vn 0.0000 -0.4388 0.8986
vn 0.7324 -0.2974 0.6125
vn 0.9990 0.0194 -0.0393
vn 0.6885 0.3139 -0.6537
vn -0.6902 0.5113 -0.5120
vn -0.0000 0.7064 -0.7078
vn -0.9992 0.0287 -0.0289
vn -0.7293 -0.4845 0.4831
vn 0.0000 -0.7082 0.7060
vn 0.7293 -0.4845 0.4831
vn 0.9992 0.0287 -0.0289
vn 0.6902 0.5113 -0.5120
vn -0.6915 0.6386 -0.3377
vn 0.0000 0.8841 -0.4672
vn -0.9995 0.0284 -0.0139
vn -0.7234 -0.6070 0.3291
vn -0.0000 -0.8778 0.4791
vn 0.7234 -0.6070 0.3291
vn 0.9995 0.0284 -0.0139
vn 0.6915 0.6386 -0.3377
vn -0.6908 0.7085 -0.1445
vn 0.0000 0.9800 -0.1990
vn -0.9993 0.0355 -0.0084
vn -0.7261 -0.6719 0.1463
vn -0.0000 -0.9763 0.2165
vn 0.7260 -0.6719 0.1463
vn 0.9993 0.0355 -0.0084
vn 0.6908 0.7085 -0.1445
vn 0.7032 0.7107 -0.0203
vn -0.9134 -0.0371 -0.4053
vn -0.9965 0.0399 -0.0734
vn -0.7533 -0.2466 -0.6097
vn -0.6918 -0.0938 -0.7159
vn 0.0000 -0.3818 -0.9243
vn 0.0000 -0.1460 -0.9893
vn 0.7449 -0.2483 -0.6192
vn 0.6822 -0.0963 -0.7248
vn 0.9958 0.0302 -0.0866
vn 0.9019 -0.0429 -0.4298
vn -0.0000 0.5938 0.8046
vn -0.0000 0.8278 0.5610
vn -0.6744 0.6105 0.4153
vn -0.6745 0.4437 0.5901
vn -0.9952 0.0781 0.0592
vn -0.7722 -0.5299 -0.3506
vn 0.0000 -0.8288 -0.5595
vn 0.7696 -0.5311 -0.3544
vn 0.9959 0.0732 0.0537
vn 0.6781 0.6081 0.4129
vn 0.6745 0.4417 0.5916
vn 0.0000 0.9919 0.1266
vn -0.6946 0.7135 0.0921
vn -0.9995 0.0311 0.0038
vn -0.7246 -0.6835 -0.0880
vn 0.0000 -0.9917 -0.1289
vn 0.7246 -0.6835 -0.0880
vn 0.9995 0.0311 0.0038
vn 0.6946 0.7135 0.0921
vn 0.0000 1.0000 -0.0000
vn -0.7071 0.7071 -0.0000
vn -1.0000 -0.0000 -0.0000
vn -0.7071 -0.7071 -0.0000
vn 0.0000 -1.0000 -0.0000
vn 0.7071 -0.7071 -0.0000
vn 1.0000 -0.0000 -0.0000
vn 0.7071 0.7071 -0.0000
vn -0.9149 -0.0409 0.4016
vn -0.6733 -0.0949 0.7333
vn -0.7414 -0.2491 0.6232
vn -0.9964 0.0267 0.0805
vn 0.0000 -0.1394 0.9902
vn 0.0000 -0.3761 0.9266
vn 0.6723 -0.0952 0.7342
vn 0.7404 -0.2493 0.6242
vn 0.9137 -0.0415 0.4042
vn 0.9963 0.0255 0.0821
vn 0.0000 0.5938 -0.8046
vn -0.6741 0.4409 -0.5926
vn -0.6789 0.6067 -0.4136
vn 0.0000 0.8292 -0.5589
vn -0.9961 0.0715 -0.0519
vn -0.7684 -0.5317 0.3562
vn 0.0000 -0.8288 0.5595
vn 0.7681 -0.5318 0.3567
vn 0.9962 0.0710 -0.0513
vn 0.6742 0.4407 -0.5927
vn 0.6793 0.6064 -0.4133
vn -0.6943 0.7138 -0.0923
vn 0.0000 0.9919 -0.1269
vn -0.9995 0.0311 -0.0038
vn -0.7246 -0.6835 0.0880
vn 0.0000 -0.9917 0.1289
vn 0.7246 -0.6835 0.0880
vn 0.9995 0.0311 -0.0038
vn 0.6943 0.7138 -0.0923
vn 0.0000 0.9980 -0.0640
vn 0.0000 0.9998 0.0211
vn -0.7189 0.6950 0.0141
vn -0.7078 0.7049 -0.0452
vn -0.9998 -0.0215 -0.0004
vn -1.0000 -0.0000 0.0000
vn -0.6980 -0.7160 -0.0147
vn -0.7071 -0.7057 0.0454
vn 0.0000 -0.9998 -0.0211
vn 0.0000 -0.9979 0.0641
vn 0.6980 -0.7160 -0.0147
vn 0.7070 -0.7057 0.0454
vn 0.9998 -0.0215 -0.0004
vn 1.0000 -0.0000 0.0000
vn 0.7189 0.6950 0.0141
vn 0.7078 0.7049 -0.0452
vn 0.0000 0.9945 0.1051
vn -0.7074 0.7029 0.0744
vn -1.0000 0.0002 -0.0000
vn -0.7076 -0.7027 -0.0746
vn 0.0000 -0.9944 -0.1055
vn 0.7076 -0.7027 -0.0746
vn 1.0000 0.0002 -0.0000
vn 0.7074 0.7029 0.0744
vn -0.0000 -0.1898 0.9818
vn 0.6818 -0.2088 0.7011
vn 0.7045 0.0535 0.7077
vn -0.0000 0.0772 0.9970
vn 0.9669 -0.2545 0.0205
vn 1.0000 0.0003 0.0033
vn 0.6838 -0.3023 -0.6641
vn 0.7081 -0.0527 -0.7041
vn -0.0000 -0.3230 -0.9464
vn -0.0000 -0.0762 -0.9971
vn -0.6838 -0.3023 -0.6641
vn -0.7081 -0.0527 -0.7041
vn -0.9669 -0.2545 0.0205
vn -1.0000 0.0003 0.0033
vn -0.6818 -0.2088 0.7011
vn -0.7045 0.0535 0.7077
vn -0.0000 -0.4760 0.8794
vn 0.6034 -0.4885 0.6303
vn -0.6034 -0.4885 0.6303
vn -0.8530 -0.5212 0.0282
vn -0.6009 -0.5583 -0.5720
vn -0.0000 -0.5735 -0.8192
vn 0.6009 -0.5583 -0.5720
vn 0.8530 -0.5212 0.0282
vn -0.0000 0.9960 -0.0894
vn -0.0002 0.9960 -0.0896
vn 0.0000 0.9963 -0.0856
vn 0.0000 0.9964 -0.0853
vn -0.0009 0.9967 -0.0817
vn 0.0000 0.9966 -0.0825
vn 0.0009 0.9967 -0.0817
vn 0.0002 0.9960 -0.0896
vn 0.0024 1.0000 0.0004
vn -0.7938 0.6081 0.0003
vn -0.7946 0.5471 0.2633
vn 0.0024 0.9004 0.4351
vn -0.8675 -0.4974 -0.0003
vn -0.8676 -0.4476 -0.2166
vn 0.0026 -1.0000 -0.0007
vn 0.0027 -0.9008 -0.4342
vn 0.8687 -0.4954 -0.0003
vn 0.8688 -0.4458 -0.2157
vn 0.7954 0.6061 0.0003
vn 0.7961 0.5452 0.2624
vn -0.7950 0.3785 0.4741
vn 0.0024 0.6232 0.7821
vn -0.8687 -0.3098 -0.3864
vn 0.0027 -0.6242 -0.7813
vn 0.8699 -0.3086 -0.3848
vn 0.7965 0.3772 0.4724
vn -0.7963 0.1351 0.5896
vn 0.0024 0.2212 0.9752
vn -0.8693 -0.1103 -0.4817
vn 0.0027 -0.2256 -0.9742
vn 0.8705 -0.1098 -0.4797
vn 0.7979 0.1346 0.5876
vn -0.7968 -0.1336 0.5893
vn 0.0024 -0.2225 0.9749
vn -0.8696 0.1111 -0.4812
vn 0.0027 0.2238 -0.9746
vn 0.8707 0.1106 -0.4792
vn 0.7984 -0.1331 0.5872
vn -0.7953 -0.3781 0.4739
vn 0.0024 -0.6229 0.7823
vn -0.8676 0.3102 -0.3887
vn 0.0027 0.6245 -0.7810
vn 0.8687 0.3089 -0.3871
vn 0.7969 -0.3768 0.4722
vn -0.7943 -0.5479 0.2624
vn 0.0024 -0.9012 0.4335
vn -0.8681 0.4468 -0.2162
vn 0.0027 0.9008 -0.4343
vn 0.8693 0.4450 -0.2154
vn 0.7959 -0.5461 0.2615
vn -0.7943 -0.6075 0.0003
vn 0.0024 -1.0000 0.0004
vn -0.8689 0.4950 -0.0003
vn 0.0027 1.0000 -0.0006
vn 0.8701 0.4929 -0.0003
vn 0.7959 -0.6054 0.0003
vn -0.7936 -0.5486 -0.2629
vn 0.0024 -0.9010 -0.4337
vn -0.8682 0.4468 0.2159
vn 0.0027 0.9011 0.4337
vn 0.8694 0.4449 0.2150
vn 0.7952 -0.5468 -0.2620
vn -0.7938 -0.3789 -0.4757
vn 0.0024 -0.6240 -0.7814
vn -0.8674 0.3099 0.3894
vn 0.0027 0.6234 0.7819
vn 0.8685 0.3086 0.3879
vn 0.7954 -0.3776 -0.4741
vn -0.7960 -0.1345 -0.5902
vn 0.0024 -0.2235 -0.9747
vn -0.8671 0.1116 0.4855
vn 0.0026 0.2219 0.9751
vn 0.8682 0.1112 0.4836
vn 0.7975 -0.1340 -0.5882
vn -0.7954 0.1360 -0.5906
vn 0.0024 0.2222 -0.9750
vn -0.8668 -0.1108 0.4861
vn 0.0026 -0.2237 0.9747
vn 0.8680 -0.1103 0.4842
vn 0.7970 0.1356 -0.5886
vn -0.7935 0.3793 -0.4759
vn 0.0024 0.6243 -0.7812
vn -0.8685 -0.3095 0.3871
vn 0.0027 -0.6230 0.7822
vn 0.8697 -0.3083 0.3855
vn 0.7951 0.3780 -0.4743
vn -0.7939 0.5478 -0.2639
vn 0.0024 0.9003 -0.4353
vn -0.8677 -0.4476 0.2162
vn 0.0027 -0.9011 0.4336
vn 0.8689 -0.4458 0.2154
vn 0.7955 0.5460 -0.2630
vn 0.0000 0.0016 1.0000
vn 0.0000 0.5028 0.8644
vn 0.0000 0.8644 0.5028
vn 0.0000 1.0000 0.0016
vn 0.0000 0.8652 -0.5015
vn 0.0000 0.5028 -0.8644
vn 0.0000 0.0016 -1.0000
vn 0.0000 -0.5015 -0.8652
vn 0.0000 -0.8652 -0.5015
vn 0.0000 -1.0000 0.0016
vn 0.0000 -0.8644 0.5028
vn 0.0000 -0.5015 0.8652
vn -1.0000 0.0000 -0.0000
vn 1.0000 0.0000 -0.0000
vn 0.0000 0.3283 0.9446
vn 0.0000 0.8638 -0.5039
vn 0.0000 0.7493 -0.6622
vn 0.0000 0.6063 -0.7952
vn 0.0000 -0.8990 -0.4380
vn 0.0000 -0.7493 0.6622
vn 0.0000 -0.7071 0.7071
vn 0.0000 1.0000 -0.0058
vn 0.0000 0.3834 0.9236
vn 0.0000 0.2989 -0.9543
vn 0.0000 -0.9948 -0.1018
vn 0.0000 -0.9954 0.0961
vn 0.0000 0.7457 0.6663
vn 0.0000 0.8625 0.5060
vn 0.0000 -0.8276 -0.5614
vn 0.0000 -0.3891 0.9212
vn 0.0000 -0.2024 0.9793
vn 0.0000 -0.0080 1.0000
vn 0.0000 0.9827 -0.1850
vn 0.0000 0.2012 -0.9796
vn 0.0000 0.9955 -0.0952
vn 0.0000 -0.3805 -0.9248
vn 0.0000 -0.5547 -0.8321
vn 0.0000 -0.1915 -0.9815
vn 0.0000 0.1382 -0.9904
vn 0.0000 0.9455 0.3257
vn 0.0000 -0.7979 0.6028
vn 0.0000 -0.8606 -0.5093
vn 0.0000 0.4724 0.8814
vn 0.0000 -0.9570 0.2902
vn -0.9995 0.0008 -0.0317
vn -0.8663 0.4984 -0.0324
vn -0.8456 0.4832 0.2268
vn -0.9738 0.0012 0.2273
vn -0.5003 0.8652 -0.0329
vn -0.4870 0.8439 0.2250
vn 0.0004 0.9995 -0.0317
vn -0.0000 0.9748 0.2229
vn 0.5008 0.8650 -0.0308
vn 0.4883 0.8436 0.2234
vn 0.8658 0.4994 -0.0309
vn 0.8467 0.4834 0.2224
vn 0.9995 0.0012 -0.0307
vn 0.9748 0.0017 0.2229
vn 0.8643 -0.5022 -0.0288
vn 0.8454 -0.4846 0.2246
vn 0.4993 -0.8660 -0.0289
vn 0.4871 -0.8439 0.2249
vn 0.0008 -0.9996 -0.0300
vn 0.0004 -0.9746 0.2238
vn -0.5026 -0.8640 -0.0300
vn -0.4873 -0.8434 0.2266
vn -0.8669 -0.4975 -0.0314
vn -0.8452 -0.4830 0.2289
vn -0.8025 0.4574 0.3832
vn -0.9226 0.0009 0.3857
vn -0.4655 0.7994 0.3797
vn -0.0000 0.9248 0.3804
vn 0.4663 0.7973 0.3833
vn 0.7978 0.4591 0.3907
vn 0.9186 0.0009 0.3951
vn 0.7994 -0.4648 0.3807
vn 0.4652 -0.8019 0.3749
vn -0.0000 -0.9248 0.3804
vn -0.4644 -0.8041 0.3712
vn -0.8039 -0.4631 0.3733
vn -1.0000 0.0006 -0.0080
vn -0.8644 0.5028 -0.0072
vn -0.5956 0.3441 -0.7258
vn -0.6879 0.0005 -0.7258
vn -0.4953 0.8687 -0.0062
vn -0.3480 0.5975 -0.7225
vn 0.0003 1.0000 -0.0035
vn 0.0005 0.6917 -0.7222
vn 0.4967 0.8679 -0.0038
vn 0.3438 0.5969 -0.7249
vn 0.8649 0.5019 0.0013
vn 0.5943 0.3449 -0.7265
vn 1.0000 0.0006 0.0054
vn 0.6879 0.0005 -0.7258
vn 0.8673 -0.4977 -0.0069
vn 0.5952 -0.3490 -0.7239
vn 0.4999 -0.8660 -0.0131
vn 0.3442 -0.5959 -0.7255
vn 0.0003 -1.0000 -0.0097
vn 0.0005 -0.6884 -0.7253
vn -0.4984 -0.8668 -0.0158
vn -0.3483 -0.5965 -0.7230
vn -0.8668 -0.4984 -0.0158
vn -0.5965 -0.3481 -0.7232
vn -0.1216 0.0709 -0.9900
vn -0.1404 0.0002 -0.9901
vn -0.0701 0.1207 -0.9902
vn 0.0002 0.1392 -0.9903
vn 0.0707 0.1213 -0.9901
vn 0.1217 0.0715 -0.9900
vn 0.1404 0.0002 -0.9901
vn 0.1218 -0.0709 -0.9900
vn 0.0710 -0.1227 -0.9899
vn 0.0002 -0.1420 -0.9899
vn -0.0704 -0.1221 -0.9900
vn -0.1217 -0.0703 -0.9901
vn -0.9995 0.0012 0.0308
vn -0.9739 0.0016 -0.2271
vn -0.8463 0.4823 -0.2264
vn -0.8670 0.4975 0.0297
vn -0.4875 0.8437 -0.2246
vn -0.5032 0.8637 0.0292
vn 0.0004 0.9749 -0.2227
vn 0.0008 0.9995 0.0307
vn 0.4883 0.8436 -0.2233
vn 0.5008 0.8650 0.0309
vn 0.8467 0.4834 -0.2223
vn 0.8658 0.4994 0.0310
vn 0.9748 0.0013 -0.2229
vn 0.9995 0.0008 0.0318
vn 0.8457 -0.4841 -0.2247
vn 0.8658 -0.4993 0.0328
vn 0.4881 -0.8433 -0.2252
vn 0.5002 -0.8653 0.0318
vn -0.0000 -0.9746 -0.2238
vn 0.0004 -0.9995 0.0311
vn -0.4858 -0.8442 -0.2264
vn -0.4988 -0.8662 0.0311
vn -0.8444 -0.4844 -0.2288
vn -0.8648 -0.5013 0.0305
vn -0.9258 0.0009 -0.3780
vn -0.8051 0.4590 -0.3756
vn -0.4669 0.8022 -0.3721
vn -0.0000 0.9279 -0.3728
vn 0.4678 0.8001 -0.3755
vn 0.8008 0.4608 -0.3826
vn 0.9221 0.0009 -0.3868
vn 0.8022 -0.4661 -0.3732
vn 0.4666 -0.8045 -0.3676
vn -0.0000 -0.9279 -0.3728
vn -0.4657 -0.8066 -0.3642
vn -0.8064 -0.4644 -0.3662
vn -0.6822 0.0005 0.7311
vn -0.5905 0.3412 0.7314
vn -0.8644 0.5026 0.0147
vn -0.9999 0.0006 0.0155
vn -0.3449 0.5925 0.7280
vn -0.4954 0.8685 0.0136
vn 0.0005 0.6858 0.7278
vn 0.0003 0.9999 0.0111
vn 0.3408 0.5916 0.7306
vn 0.4968 0.8678 0.0115
vn 0.5889 0.3416 0.7325
vn 0.8649 0.5019 0.0067
vn 0.6816 0.0005 0.7317
vn 1.0000 0.0006 0.0028
vn 0.5898 -0.3457 0.7298
vn 0.8672 -0.4977 0.0145
vn 0.3412 -0.5905 0.7314
vn 0.4998 -0.8659 0.0204
vn 0.0005 -0.6822 0.7311
vn 0.0003 -0.9999 0.0172
vn -0.3453 -0.5915 0.7287
vn -0.4984 -0.8667 0.0229
vn -0.5915 -0.3453 0.7287
vn -0.8667 -0.4984 0.0229
vn -0.1223 0.0002 0.9925
vn -0.1056 0.0612 0.9925
vn -0.0605 0.1047 0.9927
vn 0.0002 0.1202 0.9928
vn 0.0609 0.1046 0.9926
vn 0.1046 0.0609 0.9926
vn 0.1202 0.0002 0.9928
vn 0.1047 -0.0605 0.9927
vn 0.0612 -0.1056 0.9925
vn 0.0002 -0.1223 0.9925
vn -0.0607 -0.1057 0.9925
vn -0.1057 -0.0607 0.9925
vn 0.9959 0.0000 -0.0905
vn 0.9413 0.0000 -0.3375
vn -0.9820 0.0000 0.1888
vn 0.3419 0.0000 0.9398
vn -0.3424 0.0000 -0.9396
vn -0.9960 0.0000 0.0889
vn -0.9381 0.0000 0.3463
vn 0.9400 0.0000 -0.3412
vn -0.2134 0.0000 -0.9770
vn -0.0415 0.0000 -0.9991
vn -0.3789 0.0000 -0.9254
vn 0.3415 0.0000 0.9399
vn 0.8266 0.0000 -0.5628
vn -0.8150 0.0000 0.5795
vn 0.9399 0.0000 -0.3414
vn 0.6527 0.0000 -0.7576
vn 0.6104 0.3475 -0.7118
vn 0.8847 0.3379 -0.3211
vn 0.1736 0.0000 -0.9848
vn 0.1615 0.3529 -0.9216
vn -0.3504 0.0000 -0.9366
vn -0.3264 0.3482 -0.8787
vn -0.7638 0.0000 -0.6454
vn -0.7182 0.3432 -0.6054
vn -0.9848 0.0000 -0.1736
vn -0.9248 0.3413 -0.1680
vn -0.9399 0.0000 0.3414
vn -0.8847 0.3379 0.3211
vn -0.6411 0.0000 0.7675
vn -0.6028 0.3391 0.7222
vn -0.1749 0.0000 0.9846
vn -0.1644 0.3386 0.9265
vn 0.3348 0.0000 0.9423
vn 0.3147 0.3389 0.8866
vn 0.7638 0.0000 0.6455
vn 0.7182 0.3432 0.6054
vn 0.9848 0.0000 0.1736
vn 0.9248 0.3413 0.1680
vn 0.4785 0.6818 -0.5534
vn 0.7010 0.6643 -0.2594
vn 0.1292 0.6936 -0.7087
vn -0.2571 0.6824 -0.6843
vn -0.5632 0.6737 -0.4785
vn -0.7326 0.6715 -0.1117
vn -0.7010 0.6643 0.2594
vn -0.4788 0.6695 0.5679
vn -0.1322 0.6642 0.7358
vn 0.2521 0.6688 0.6994
vn 0.5632 0.6737 0.4785
vn 0.7326 0.6715 0.1117
vn -0.4032 0.9089 -0.1066
vn -0.4090 0.9000 0.1509
vn -0.2378 0.9097 0.3406
vn -0.2308 0.6229 -0.7475
vn 0.3068 0.6249 0.7179
vn 0.1841 0.6613 0.7272
vn -0.3519 0.9111 -0.2148
vn 0.1905 0.9670 0.1693
vn 0.2489 0.9676 0.0434
vn 0.2386 0.9675 -0.0843
vn 0.1030 0.9723 0.2098
vn -0.1922 0.9789 0.0695
vn -0.0875 0.9735 0.2113
vn 0.1624 0.9683 -0.1898
vn 0.0345 0.9691 -0.2443
vn -0.0552 0.9740 -0.2196
vn -0.2008 0.9744 -0.1013
vn -0.5107 0.3818 0.7703
vn -0.8768 0.3681 0.3094
vn -0.9424 0.0000 0.3346
vn -0.5580 0.0000 0.8298
vn -0.0223 0.4258 0.9045
vn -0.0415 0.0000 0.9991
vn 0.2758 0.0000 0.9612
vn -0.6026 0.4243 -0.6759
vn -0.4097 0.0000 -0.9122
vn -0.6788 0.0000 -0.7343
vn -0.8850 0.3798 -0.2694
vn -0.9588 0.0000 -0.2842
vn 0.3404 0.0000 0.9403
vn -0.3395 0.0000 -0.9406
vn 0.6466 0.4966 0.5790
vn 0.3679 0.5192 0.7714
vn 0.4324 0.0000 0.9017
vn 0.7451 0.0000 0.6669
vn 0.8153 0.4989 -0.2937
vn 0.8536 0.4985 0.1514
vn 0.9847 0.0000 0.1743
vn 0.9410 0.0000 -0.3384
vn 0.1174 0.5010 -0.8574
vn 0.5565 0.5013 -0.6626
vn 0.6444 0.0000 -0.7646
vn 0.1364 0.0000 -0.9906
vn -0.2168 0.5251 -0.8229
vn -0.2531 0.0000 -0.9674
vn -0.3961 0.6167 -0.6803
vn -0.3431 0.0000 -0.9393
vn -0.9399 0.0000 0.3413
vn -0.0408 0.9304 0.3644
vn 0.3055 0.9422 0.1374
vn 0.1472 0.9424 -0.3004
vn -0.2735 0.9272 -0.2560
vn 0.0000 -0.4372 -0.8993
vn 0.0000 0.9801 0.1984
vn 0.7032 0.7108 0.0202
vn -0.0000 0.9996 0.0280
vn -0.7031 0.7108 0.0202
vn -0.0000 0.9996 -0.0281
vn 0.0000 -0.9995 0.0304
vn -0.0000 0.1899 -0.9818
vn 0.0000 0.4315 -0.9021
vn -0.0000 -0.4388 0.8986
vn 0.0000 0.7064 -0.7078
vn 0.0000 -0.8778 0.4791
vn -0.0000 0.9800 -0.1990
vn 0.7261 -0.6719 0.1463
vn 0.0000 -0.9763 0.2165
vn -0.7260 -0.6719 0.1463
vn 0.9134 -0.0371 -0.4053
vn 0.6918 -0.0938 -0.7159
vn 0.7533 -0.2466 -0.6097
vn 0.9965 0.0399 -0.0734
vn -0.0000 -0.3818 -0.9243
vn -0.6822 -0.0963 -0.7248
vn -0.7449 -0.2483 -0.6192
vn -0.9019 -0.0429 -0.4298
vn -0.9958 0.0302 -0.0866
vn 0.0000 0.5938 0.8046
vn 0.6745 0.4437 0.5901
vn 0.6744 0.6105 0.4153
vn 0.0000 0.8278 0.5610
vn 0.9952 0.0781 0.0592
vn 0.7722 -0.5299 -0.3506
vn -0.0000 -0.8288 -0.5595
vn -0.7696 -0.5311 -0.3544
vn -0.9959 0.0732 0.0537
vn -0.6745 0.4417 0.5916
vn -0.6781 0.6081 0.4129
vn -0.0000 -0.9917 -0.1289
vn -0.0000 -1.0000 -0.0000
vn 0.9149 -0.0409 0.4016
vn 0.9964 0.0267 0.0805
vn 0.7414 -0.2491 0.6232
vn 0.6733 -0.0949 0.7333
vn -0.0000 -0.1394 0.9902
vn -0.7404 -0.2493 0.6242
vn -0.6723 -0.0952 0.7342
vn -0.9963 0.0255 0.0821
vn -0.9137 -0.0415 0.4042
vn -0.0000 0.8292 -0.5589
vn 0.6789 0.6067 -0.4136
vn 0.6741 0.4409 -0.5926
vn 0.9961 0.0715 -0.0519
vn 0.7684 -0.5317 0.3562
vn -0.7681 -0.5318 0.3567
vn -0.9962 0.0710 -0.0513
vn -0.6793 0.6064 -0.4133
vn -0.6742 0.4407 -0.5927
vn -0.0000 0.9980 -0.0640
vn -0.0000 0.9998 0.0211
vn 0.7071 -0.7057 0.0454
vn -0.7070 -0.7057 0.0454
vn 0.0000 -0.1898 0.9818
vn 0.0000 0.0772 0.9970
vn 0.0000 -0.0762 -0.9971
vn 0.0000 -0.3230 -0.9464
vn 0.0000 -0.4760 0.8794
vn 0.0000 -0.5735 -0.8192
vn 0.0000 0.9960 -0.0894
vn -0.0000 0.9963 -0.0856
vn -0.0000 0.9966 -0.0825
vn -0.0024 1.0000 0.0004
vn -0.0024 0.9004 0.4351
vn 0.7946 0.5471 0.2633
vn 0.7938 0.6081 0.0003
vn 0.8676 -0.4476 -0.2166
vn 0.8675 -0.4974 -0.0003
vn -0.0027 -0.9008 -0.4342
vn -0.0026 -1.0000 -0.0007
vn -0.8688 -0.4458 -0.2157
vn -0.8687 -0.4954 -0.0003
vn -0.7961 0.5452 0.2624
vn -0.7954 0.6061 0.0003
vn -0.0024 0.6232 0.7821
vn 0.7950 0.3785 0.4741
vn 0.8687 -0.3098 -0.3864
vn -0.0027 -0.6242 -0.7813
vn -0.8699 -0.3086 -0.3848
vn -0.7965 0.3772 0.4724
vn -0.0024 0.2212 0.9752
vn 0.7963 0.1351 0.5896
vn 0.8693 -0.1103 -0.4817
vn -0.0027 -0.2256 -0.9742
vn -0.8705 -0.1098 -0.4797
vn -0.7979 0.1346 0.5876
vn -0.0024 -0.2225 0.9749
vn 0.7968 -0.1336 0.5893
vn 0.8696 0.1111 -0.4812
vn -0.0027 0.2238 -0.9746
vn -0.8707 0.1106 -0.4792
vn -0.7984 -0.1331 0.5872
vn -0.0024 -0.6229 0.7823
vn 0.7953 -0.3781 0.4739
vn 0.8676 0.3102 -0.3887
vn -0.0027 0.6245 -0.7810
vn -0.8687 0.3089 -0.3871
vn -0.7969 -0.3768 0.4722
vn -0.0024 -0.9012 0.4335
vn 0.7943 -0.5479 0.2624
vn 0.8681 0.4468 -0.2162
vn -0.0027 0.9008 -0.4343
vn -0.8693 0.4450 -0.2154
vn -0.7959 -0.5461 0.2615
vn -0.0024 -1.0000 0.0004
vn 0.7943 -0.6075 0.0003
vn 0.8689 0.4950 -0.0003
vn -0.0027 1.0000 -0.0006
vn -0.8701 0.4929 -0.0003
vn -0.7959 -0.6054 0.0003
vn -0.0024 -0.9010 -0.4337
vn 0.7936 -0.5486 -0.2629
vn 0.8682 0.4468 0.2159
vn -0.0027 0.9011 0.4337
vn -0.8694 0.4449 0.2150
vn -0.7952 -0.5468 -0.2620
vn -0.0024 -0.6240 -0.7814
vn 0.7938 -0.3789 -0.4757
vn 0.8674 0.3099 0.3894
vn -0.0027 0.6234 0.7819
vn -0.8685 0.3086 0.3879
vn -0.7954 -0.3776 -0.4741
vn -0.0024 -0.2235 -0.9747
vn 0.7960 -0.1345 -0.5902
vn 0.8671 0.1116 0.4855
vn -0.0026 0.2219 0.9751
vn -0.8682 0.1112 0.4836
vn -0.7975 -0.1340 -0.5882
vn -0.0024 0.2222 -0.9750
vn 0.7954 0.1360 -0.5906
vn 0.8668 -0.1108 0.4861
vn -0.0026 -0.2237 0.9747
vn -0.8680 -0.1103 0.4842
vn -0.7970 0.1356 -0.5886
vn -0.0024 0.6243 -0.7812
vn 0.7935 0.3793 -0.4759
vn 0.8685 -0.3095 0.3871
vn -0.0027 -0.6230 0.7822
vn -0.8697 -0.3083 0.3855
vn -0.7951 0.3780 -0.4743
vn -0.0024 0.9003 -0.4353
vn 0.7939 0.5478 -0.2639
vn 0.8677 -0.4476 0.2162
vn -0.0027 -0.9011 0.4336
vn -0.8689 -0.4458 0.2154
vn -0.7955 0.5460 -0.2630
vn 0.9995 0.0008 -0.0317
vn 0.9738 0.0012 0.2273
vn 0.8456 0.4832 0.2268
vn 0.8663 0.4984 -0.0324
vn 0.4870 0.8439 0.2250
vn 0.5003 0.8652 -0.0329
vn 0.0000 0.9748 0.2229
vn -0.0004 0.9995 -0.0317
vn -0.4883 0.8436 0.2234
vn -0.5008 0.8650 -0.0308
vn -0.8467 0.4834 0.2224
vn -0.8658 0.4994 -0.0309
vn -0.9748 0.0017 0.2229
vn -0.9995 0.0012 -0.0307
vn -0.8454 -0.4846 0.2246
vn -0.8643 -0.5022 -0.0288
vn -0.4871 -0.8439 0.2249
vn -0.4993 -0.8660 -0.0289
vn -0.0004 -0.9746 0.2238
vn -0.0008 -0.9996 -0.0300
vn 0.4873 -0.8434 0.2266
vn 0.5026 -0.8640 -0.0300
vn 0.8452 -0.4830 0.2289
vn 0.8669 -0.4975 -0.0314
vn 0.9226 0.0009 0.3857
vn 0.8025 0.4574 0.3832
vn 0.4655 0.7994 0.3797
vn 0.0000 0.9248 0.3804
vn -0.4663 0.7973 0.3833
vn -0.7978 0.4591 0.3907
vn -0.9186 0.0009 0.3951
vn -0.7994 -0.4648 0.3807
vn -0.4652 -0.8019 0.3749
vn 0.0000 -0.9248 0.3804
vn 0.4644 -0.8041 0.3712
vn 0.8039 -0.4631 0.3733
vn 1.0000 0.0006 -0.0080
vn 0.5956 0.3441 -0.7258
vn 0.8644 0.5028 -0.0072
vn 0.3480 0.5975 -0.7225
vn 0.4953 0.8687 -0.0062
vn -0.0005 0.6917 -0.7222
vn -0.0003 1.0000 -0.0035
vn -0.3438 0.5969 -0.7249
vn -0.4967 0.8679 -0.0038
vn -0.5943 0.3449 -0.7265
vn -0.8649 0.5019 0.0013
vn -1.0000 0.0006 0.0054
vn -0.5952 -0.3490 -0.7239
vn -0.8673 -0.4977 -0.0069
vn -0.3442 -0.5959 -0.7255
vn -0.4999 -0.8660 -0.0131
vn -0.0005 -0.6884 -0.7253
vn -0.0003 -1.0000 -0.0097
vn 0.3483 -0.5965 -0.7230
vn 0.4984 -0.8668 -0.0158
vn 0.5965 -0.3481 -0.7232
vn 0.8668 -0.4984 -0.0158
vn 0.1216 0.0709 -0.9900
vn 0.0701 0.1207 -0.9902
vn -0.0002 0.1392 -0.9903
vn -0.0707 0.1213 -0.9901
vn -0.1217 0.0715 -0.9900
vn -0.1218 -0.0709 -0.9900
vn -0.0710 -0.1227 -0.9899
vn -0.0002 -0.1420 -0.9899
vn 0.0704 -0.1221 -0.9900
vn 0.1217 -0.0703 -0.9901
vn 0.9995 0.0012 0.0308
vn 0.8670 0.4975 0.0297
vn 0.8463 0.4823 -0.2264
vn 0.9739 0.0016 -0.2271
vn 0.5032 0.8637 0.0292
vn 0.4875 0.8437 -0.2246
vn -0.0008 0.9995 0.0307
vn -0.0004 0.9749 -0.2227
vn -0.5008 0.8650 0.0309
vn -0.4883 0.8436 -0.2233
vn -0.8658 0.4994 0.0310
vn -0.8467 0.4834 -0.2223
vn -0.9995 0.0008 0.0318
vn -0.9748 0.0013 -0.2229
vn -0.8658 -0.4993 0.0328
vn -0.8457 -0.4841 -0.2247
vn -0.5002 -0.8653 0.0318
vn -0.4881 -0.8433 -0.2252
vn -0.0004 -0.9995 0.0311
vn 0.0000 -0.9746 -0.2238
vn 0.4988 -0.8662 0.0311
vn 0.4858 -0.8442 -0.2264
vn 0.8648 -0.5013 0.0305
vn 0.8444 -0.4844 -0.2288
vn 0.8051 0.4590 -0.3756
vn 0.9258 0.0009 -0.3780
vn 0.4669 0.8022 -0.3721
vn 0.0000 0.9279 -0.3728
vn -0.4678 0.8001 -0.3755
vn -0.8008 0.4608 -0.3826
vn -0.9221 0.0009 -0.3868
vn -0.8022 -0.4661 -0.3732
vn -0.4666 -0.8045 -0.3676
vn 0.0000 -0.9279 -0.3728
vn 0.4657 -0.8066 -0.3642
vn 0.8064 -0.4644 -0.3662
vn 0.6822 0.0005 0.7311
vn 0.9999 0.0006 0.0155
vn 0.8644 0.5026 0.0147
vn 0.5905 0.3412 0.7314
vn 0.4954 0.8685 0.0136
vn 0.3449 0.5925 0.7280
vn -0.0003 0.9999 0.0111
vn -0.0005 0.6858 0.7278
vn -0.4968 0.8678 0.0115
vn -0.3408 0.5916 0.7306
vn -0.8649 0.5019 0.0067
vn -0.5889 0.3416 0.7325
vn -1.0000 0.0006 0.0028
vn -0.6816 0.0005 0.7317
vn -0.8672 -0.4977 0.0145
vn -0.5898 -0.3457 0.7298
vn -0.4998 -0.8659 0.0204
vn -0.3412 -0.5905 0.7314
vn -0.0003 -0.9999 0.0172
vn -0.0005 -0.6822 0.7311
vn 0.4984 -0.8667 0.0229
vn 0.3453 -0.5915 0.7287
vn 0.8667 -0.4984 0.0229
vn 0.5915 -0.3453 0.7287
vn 0.1056 0.0612 0.9925
vn 0.1223 0.0002 0.9925
vn 0.0605 0.1047 0.9927
vn -0.0002 0.1202 0.9928
vn -0.0609 0.1046 0.9926
vn -0.1046 0.0609 0.9926
vn -0.1202 0.0002 0.9928
vn -0.1047 -0.0605 0.9927
vn -0.0612 -0.1056 0.9925
vn -0.0002 -0.1223 0.9925
vn 0.0607 -0.1057 0.9925
vn 0.1057 -0.0607 0.9925
vn -0.9959 0.0000 -0.0905
vn -0.9413 0.0000 -0.3375
vn 0.9820 0.0000 0.1888
vn -0.3419 0.0000 0.9398
vn 0.3424 0.0000 -0.9396
vn 0.9960 0.0000 0.0889
vn 0.9381 0.0000 0.3463
vn -0.9400 0.0000 -0.3412
vn 0.2134 0.0000 -0.9770
vn 0.0415 0.0000 -0.9991
vn 0.3789 0.0000 -0.9254
vn -0.3415 0.0000 0.9399
vn -0.8266 0.0000 -0.5628
vn 0.8150 0.0000 0.5795
vn -0.9399 0.0000 -0.3414
vn -0.8847 0.3379 -0.3211
vn -0.6104 0.3475 -0.7118
vn -0.6527 0.0000 -0.7576
vn -0.1615 0.3529 -0.9216
vn -0.1736 0.0000 -0.9848
vn 0.3264 0.3482 -0.8787
vn 0.3504 0.0000 -0.9366
vn 0.7182 0.3432 -0.6054
vn 0.7638 0.0000 -0.6454
vn 0.9248 0.3413 -0.1680
vn 0.9848 0.0000 -0.1736
vn 0.8847 0.3379 0.3211
vn 0.9399 0.0000 0.3414
vn 0.6028 0.3391 0.7222
vn 0.6411 0.0000 0.7675
vn 0.1644 0.3386 0.9265
vn 0.1749 0.0000 0.9846
vn -0.3147 0.3389 0.8866
vn -0.3348 0.0000 0.9423
vn -0.7182 0.3432 0.6054
vn -0.7638 0.0000 0.6455
vn -0.9248 0.3413 0.1680
vn -0.9848 0.0000 0.1736
vn -0.7010 0.6643 -0.2594
vn -0.4785 0.6818 -0.5534
vn -0.1292 0.6936 -0.7087
vn 0.2571 0.6824 -0.6843
vn 0.5632 0.6737 -0.4785
vn 0.7326 0.6715 -0.1117
vn 0.7010 0.6643 0.2594
vn 0.4788 0.6695 0.5679
vn 0.1322 0.6642 0.7358
vn -0.2521 0.6688 0.6994
vn -0.5632 0.6737 0.4785
vn -0.7326 0.6715 0.1117
vn 0.4032 0.9089 -0.1066
vn 0.2378 0.9097 0.3406
vn 0.4090 0.9000 0.1509
vn 0.2308 0.6229 -0.7475
vn 0.3519 0.9111 -0.2148
vn -0.1841 0.6613 0.7272
vn -0.3068 0.6249 0.7179
vn -0.1905 0.9670 0.1693
vn -0.2386 0.9675 -0.0843
vn -0.2489 0.9676 0.0434
vn -0.1030 0.9723 0.2098
vn 0.0875 0.9735 0.2113
vn 0.1922 0.9789 0.0695
vn -0.1624 0.9683 -0.1898
vn -0.0345 0.9691 -0.2443
vn 0.2008 0.9744 -0.1013
vn 0.0552 0.9740 -0.2196
vn 0.5107 0.3818 0.7703
vn 0.5580 0.0000 0.8298
vn 0.9424 0.0000 0.3346
vn 0.8768 0.3681 0.3094
vn 0.0223 0.4258 0.9045
vn 0.0415 0.0000 0.9991
vn -0.2758 0.0000 0.9612
vn 0.6026 0.4243 -0.6759
vn 0.6788 0.0000 -0.7343
vn 0.4097 0.0000 -0.9122
vn 0.9588 0.0000 -0.2842
vn 0.8850 0.3798 -0.2694
vn -0.3404 0.0000 0.9403
vn 0.3395 0.0000 -0.9406
vn -0.6466 0.4966 0.5790
vn -0.7451 0.0000 0.6669
vn -0.4324 0.0000 0.9017
vn -0.3679 0.5192 0.7714
vn -0.8153 0.4989 -0.2937
vn -0.9410 0.0000 -0.3384
vn -0.9847 0.0000 0.1743
vn -0.8536 0.4985 0.1514
vn -0.1174 0.5010 -0.8574
vn -0.1364 0.0000 -0.9906
vn -0.6444 0.0000 -0.7646
vn -0.5565 0.5013 -0.6626
vn 0.2168 0.5251 -0.8229
vn 0.2531 0.0000 -0.9674
vn 0.3961 0.6167 -0.6803
vn 0.3431 0.0000 -0.9393
vn 0.9399 0.0000 0.3413
vn 0.0408 0.9304 0.3644
vn -0.3055 0.9422 0.1374
vn -0.1472 0.9424 -0.3004
vn 0.2735 0.9272 -0.2560
vn 0.0002 1.0000 0.0025
vn -0.0019 0.9998 -0.0219
vn -0.0570 0.6963 -0.7155
vn -0.0595 0.7026 -0.7090
vn -0.0796 0.0007 -0.9968
vn -0.0839 0.0014 -0.9965
vn -0.0454 -0.7889 -0.6128
vn -0.0591 -0.7041 -0.7076
vn -0.0021 -0.9997 -0.0256
vn 0.0002 -1.0000 0.0020
vn 0.0554 -0.7187 0.6931
vn 0.0592 -0.7092 0.7025
vn 0.0800 -0.0008 0.9968
vn 0.0841 0.0000 0.9965
vn 0.0555 0.7185 0.6933
vn 0.0593 0.7091 0.7027
vn -0.0002 1.0000 0.0026
vn 0.0595 0.7027 -0.7089
vn 0.0571 0.6962 -0.7155
vn 0.0016 0.9998 -0.0189
vn 0.0839 0.0012 -0.9965
vn 0.0796 -0.0033 -0.9968
vn 0.0591 -0.7040 -0.7077
vn 0.0454 -0.7897 -0.6118
vn -0.0002 -1.0000 0.0019
vn 0.0024 -0.9996 -0.0285
vn -0.0593 -0.7091 0.7026
vn -0.0555 -0.7187 0.6931
vn -0.0841 0.0000 0.9965
vn -0.0800 0.0009 0.9968
vn -0.0592 0.7092 0.7026
vn -0.0555 0.7185 0.6933
vn 0.0000 1.0000 -0.0073
vn -0.0000 0.7006 -0.7135
vn -0.0000 0.0013 -1.0000
vn 0.0000 -0.7022 -0.7120
vn -0.0000 -1.0000 -0.0076
vn 0.0000 -0.7131 0.7010
vn -0.0000 0.0000 1.0000
vn -0.0000 0.7130 0.7012
vn -0.7749 0.6320 -0.0000
vn -0.7465 0.6654 -0.0000
vn -0.5326 0.4748 -0.7006
vn -0.5474 0.4441 -0.7093
vn -0.0080 0.0074 -0.9999
vn -0.0053 0.0044 -1.0000
vn 0.5177 -0.4614 -0.7205
vn 0.5441 -0.4403 -0.7142
vn 0.7474 -0.6644 -0.0000
vn 0.7761 -0.6306 -0.0000
vn 0.5177 -0.4614 0.7205
vn 0.5441 -0.4403 0.7142
vn -0.0080 0.0074 0.9999
vn -0.0053 0.0044 1.0000
vn -0.5326 0.4748 0.7006
vn -0.5474 0.4441 0.7093
vn -0.6507 0.7593 -0.0000
vn -0.4647 0.5433 -0.6992
vn -0.0155 0.0191 -0.9997
vn 0.4541 -0.5307 -0.7157
vn 0.6496 -0.7603 -0.0000
vn 0.4541 -0.5307 0.7157
vn -0.0155 0.0191 0.9997
vn -0.4647 0.5433 0.6992
vn -0.5428 0.8399 -0.0000
vn -0.3865 0.5991 -0.7013
vn -0.0118 0.0190 -0.9997
vn 0.3770 -0.5831 -0.7196
vn 0.5410 -0.8411 -0.0000
vn 0.3770 -0.5831 0.7196
vn -0.0118 0.0190 0.9997
vn -0.3865 0.5991 0.7012
vn -0.3850 0.9229 -0.0000
vn -0.2754 0.6633 -0.6958
vn -0.0092 0.0221 -0.9997
vn 0.2660 -0.6392 -0.7216
vn 0.3843 -0.9232 -0.0000
vn 0.2660 -0.6392 0.7216
vn -0.0092 0.0221 0.9997
vn -0.2754 0.6633 0.6958
vn -0.2144 0.9767 -0.0000
vn -0.1536 0.6993 -0.6981
vn -0.0055 0.0247 -0.9997
vn 0.1497 -0.6819 -0.7160
vn 0.2150 -0.9766 -0.0000
vn 0.1497 -0.6819 0.7160
vn -0.0055 0.0247 0.9997
vn -0.1536 0.6993 0.6981
vn -0.0828 0.9966 -0.0000
vn -0.0590 0.7153 -0.6963
vn -0.0019 0.0193 -0.9998
vn 0.0578 -0.6943 -0.7174
vn 0.0837 -0.9965 -0.0000
vn 0.0578 -0.6943 0.7174
vn -0.0019 0.0193 0.9998
vn -0.0590 0.7153 0.6963
vn 0.0940 0.9956 -0.0000
vn 0.0672 0.7121 -0.6988
vn 0.0024 0.0227 -0.9997
vn -0.0651 -0.6930 -0.7180
vn -0.0949 -0.9955 -0.0000
vn -0.0651 -0.6930 0.7180
vn 0.0024 0.0227 0.9997
vn 0.0672 0.7121 0.6988
vn 0.2273 0.9738 -0.0000
vn 0.1628 0.7038 -0.6915
vn 0.0056 0.0233 -0.9997
vn -0.1579 -0.6777 -0.7182
vn -0.2263 -0.9741 -0.0000
vn -0.1579 -0.6777 0.7182
vn 0.0056 0.0233 0.9997
vn 0.1628 0.7038 0.6915
vn 0.3951 0.9186 -0.0000
vn 0.2826 0.6566 -0.6993
vn 0.0087 0.0207 -0.9997
vn -0.2733 -0.6346 -0.7229
vn -0.3949 -0.9187 -0.0000
vn -0.2733 -0.6346 0.7229
vn 0.0087 0.0207 0.9997
vn 0.2826 0.6566 0.6993
vn 0.5526 0.8334 -0.0000
vn 0.3960 0.5979 -0.6969
vn 0.0140 0.0217 -0.9997
vn -0.3836 -0.5777 -0.7205
vn -0.5506 -0.8348 -0.0000
vn -0.3836 -0.5778 0.7204
vn 0.0140 0.0217 0.9997
vn 0.3960 0.5979 0.6969
vn 0.6602 0.7511 -0.0000
vn 0.4707 0.5368 -0.7002
vn 0.0144 0.0171 -0.9998
vn -0.4586 -0.5240 -0.7177
vn -0.6586 -0.7525 -0.0000
vn -0.4586 -0.5240 0.7177
vn 0.0144 0.0171 0.9998
vn 0.4707 0.5368 0.7002
vn 0.7549 0.6559 -0.0000
vn 0.5367 0.4679 -0.7021
vn 0.0086 0.0077 -0.9999
vn -0.5266 -0.4572 -0.7167
vn -0.7548 -0.6560 -0.0000
vn -0.5266 -0.4572 0.7167
vn 0.0086 0.0077 0.9999
vn 0.5367 0.4679 0.7021
vn 0.7821 0.6231 -0.0000
vn 0.5530 0.4406 -0.7071
vn 0.0050 0.0040 -1.0000
vn -0.5517 -0.4359 -0.7110
vn -0.7834 -0.6215 -0.0000
vn -0.5517 -0.4359 0.7110
vn 0.0050 0.0040 1.0000
vn 0.5530 0.4406 0.7071
# 1155 vertex normals

vt 0.9559 0.0602 0.0000
vt 0.0039 0.0602 0.0000
vt 0.0039 0.0462 0.0000
vt 0.9559 0.0462 0.0000
vt 0.0039 0.0318 0.0000
vt 0.9559 0.0318 0.0000
vt 0.0039 0.0178 0.0000
vt 0.9559 0.0178 0.0000
vt 0.0039 0.0039 0.0000
vt 0.9559 0.0039 0.0000
vt 0.9559 0.1176 0.0000
vt 0.0039 0.1176 0.0000
vt 0.0039 0.1037 0.0000
vt 0.9559 0.1037 0.0000
vt 0.0039 0.0897 0.0000
vt 0.9559 0.0897 0.0000
vt 0.0039 0.0751 0.0000
vt 0.9559 0.0751 0.0000
vt 0.4776 0.6584 0.0000
vt 0.4351 0.6584 0.0000
vt 0.4351 0.6448 0.0000
vt 0.4776 0.6448 0.0000
vt 0.4351 0.6307 0.0000
vt 0.4776 0.6307 0.0000
vt 0.4351 0.6171 0.0000
vt 0.4776 0.6171 0.0000
vt 0.4351 0.6035 0.0000
vt 0.4776 0.6035 0.0000
vt 0.4776 0.7144 0.0000
vt 0.4351 0.7144 0.0000
vt 0.4351 0.7009 0.0000
vt 0.4776 0.7009 0.0000
vt 0.4351 0.6872 0.0000
vt 0.4776 0.6872 0.0000
vt 0.4351 0.6729 0.0000
vt 0.4776 0.6729 0.0000
vt 0.4097 0.6584 0.0000
vt 0.4097 0.6448 0.0000
vt 0.4097 0.6307 0.0000
vt 0.4097 0.6171 0.0000
vt 0.4097 0.6035 0.0000
vt 0.4097 0.7144 0.0000
vt 0.4097 0.7009 0.0000
vt 0.4097 0.6872 0.0000
vt 0.4097 0.6729 0.0000
vt 0.3851 0.6584 0.0000
vt 0.3851 0.6448 0.0000
vt 0.3851 0.6307 0.0000
vt 0.3851 0.6171 0.0000
vt 0.3851 0.6035 0.0000
vt 0.3851 0.7144 0.0000
vt 0.3851 0.7009 0.0000
vt 0.3851 0.6872 0.0000
vt 0.3851 0.6729 0.0000
vt 0.3631 0.6584 0.0000
vt 0.3631 0.6448 0.0000
vt 0.3631 0.6307 0.0000
vt 0.3631 0.6171 0.0000
vt 0.3631 0.6035 0.0000
vt 0.3631 0.7144 0.0000
vt 0.3631 0.7009 0.0000
vt 0.3631 0.6872 0.0000
vt 0.3631 0.6729 0.0000
vt 0.3321 0.6584 0.0000
vt 0.3321 0.6448 0.0000
vt 0.3321 0.6307 0.0000
vt 0.3321 0.6171 0.0000
vt 0.3321 0.6035 0.0000
vt 0.3321 0.7144 0.0000
vt 0.3321 0.7009 0.0000
vt 0.3321 0.6872 0.0000
vt 0.3321 0.6729 0.0000
vt 0.6664 0.5679 0.0000
vt 0.4832 0.5679 0.0000
vt 0.4832 0.5545 0.0000
vt 0.6664 0.5545 0.0000
vt 0.4832 0.5412 0.0000
vt 0.6664 0.5412 0.0000
vt 0.4832 0.5277 0.0000
vt 0.6664 0.5277 0.0000
vt 0.6671 0.6213 0.0000
vt 0.4826 0.6215 0.0000
vt 0.4830 0.6081 0.0000
vt 0.6664 0.6081 0.0000
vt 0.4830 0.5946 0.0000
vt 0.6664 0.5946 0.0000
vt 0.9591 0.1785 0.0000
vt 0.9591 0.1928 0.0000
vt 0.0358 0.1928 0.0000
vt 0.0358 0.1785 0.0000
vt 0.9591 0.2071 0.0000
vt 0.0358 0.2071 0.0000
vt 0.9591 0.2213 0.0000
vt 0.0358 0.2213 0.0000
vt 0.9591 0.2349 0.0000
vt 0.0358 0.2349 0.0000
vt 0.9591 0.1222 0.0000
vt 0.9591 0.1362 0.0000
vt 0.0358 0.1362 0.0000
vt 0.0358 0.1222 0.0000
vt 0.9591 0.1503 0.0000
vt 0.0358 0.1503 0.0000
vt 0.9591 0.1645 0.0000
vt 0.0358 0.1645 0.0000
vt 0.8708 0.5804 0.0000
vt 0.8708 0.5943 0.0000
vt 0.8281 0.5943 0.0000
vt 0.8281 0.5804 0.0000
vt 0.8708 0.6082 0.0000
vt 0.8281 0.6082 0.0000
vt 0.8708 0.6221 0.0000
vt 0.8281 0.6221 0.0000
vt 0.8708 0.6353 0.0000
vt 0.8281 0.6353 0.0000
vt 0.8708 0.5255 0.0000
vt 0.8708 0.5391 0.0000
vt 0.8281 0.5391 0.0000
vt 0.8281 0.5255 0.0000
vt 0.8708 0.5529 0.0000
vt 0.8281 0.5529 0.0000
vt 0.8708 0.5667 0.0000
vt 0.8281 0.5667 0.0000
vt 0.8025 0.5943 0.0000
vt 0.8025 0.5804 0.0000
vt 0.8025 0.6082 0.0000
vt 0.8025 0.6221 0.0000
vt 0.8025 0.6353 0.0000
vt 0.8025 0.5391 0.0000
vt 0.8025 0.5255 0.0000
vt 0.8025 0.5529 0.0000
vt 0.8025 0.5667 0.0000
vt 0.7777 0.5943 0.0000
vt 0.7777 0.5804 0.0000
vt 0.7777 0.6082 0.0000
vt 0.7777 0.6221 0.0000
vt 0.7777 0.6353 0.0000
vt 0.7777 0.5391 0.0000
vt 0.7777 0.5255 0.0000
vt 0.7777 0.5529 0.0000
vt 0.7777 0.5667 0.0000
vt 0.7554 0.5943 0.0000
vt 0.7554 0.5804 0.0000
vt 0.7554 0.6082 0.0000
vt 0.7554 0.6221 0.0000
vt 0.7554 0.6353 0.0000
vt 0.7554 0.5391 0.0000
vt 0.7554 0.5255 0.0000
vt 0.7554 0.5529 0.0000
vt 0.7554 0.5667 0.0000
vt 0.7241 0.5943 0.0000
vt 0.7241 0.5804 0.0000
vt 0.7241 0.6082 0.0000
vt 0.7241 0.6221 0.0000
vt 0.7241 0.6365 0.0000
vt 0.7241 0.5391 0.0000
vt 0.7241 0.5255 0.0000
vt 0.7241 0.5529 0.0000
vt 0.7241 0.5667 0.0000
vt 0.4825 0.5144 0.0000
vt 0.6664 0.5144 0.0000
vt 0.4832 0.5812 0.0000
vt 0.6664 0.5812 0.0000
vt 0.0732 0.9857 0.0000
vt 0.0732 0.9077 0.0000
vt 0.0839 0.9077 0.0000
vt 0.0839 0.9857 0.0000
vt 0.0947 0.9077 0.0000
vt 0.0947 0.9857 0.0000
vt 0.0039 0.9854 0.0000
vt 0.0039 0.9077 0.0000
vt 0.0147 0.9077 0.0000
vt 0.0147 0.9854 0.0000
vt 0.0245 0.9077 0.0000
vt 0.0245 0.9854 0.0000
vt 0.0492 0.9077 0.0000
vt 0.0492 0.8580 0.0000
vt 0.0602 0.8580 0.0000
vt 0.0602 0.9077 0.0000
vt 0.0732 0.8580 0.0000
vt 0.0839 0.8580 0.0000
vt 0.0947 0.8580 0.0000
vt 0.0039 0.8580 0.0000
vt 0.0147 0.8580 0.0000
vt 0.0245 0.8580 0.0000
vt 0.0384 0.8580 0.0000
vt 0.0384 0.9077 0.0000
vt 0.0492 0.8233 0.0000
vt 0.0602 0.8233 0.0000
vt 0.0732 0.8233 0.0000
vt 0.0839 0.8233 0.0000
vt 0.0947 0.8233 0.0000
vt 0.0039 0.8233 0.0000
vt 0.0147 0.8233 0.0000
vt 0.0245 0.8233 0.0000
vt 0.0384 0.8233 0.0000
vt 0.0492 0.6571 0.0000
vt 0.0602 0.6571 0.0000
vt 0.0732 0.6571 0.0000
vt 0.0839 0.6571 0.0000
vt 0.0947 0.6571 0.0000
vt 0.0039 0.6571 0.0000
vt 0.0147 0.6571 0.0000
vt 0.0245 0.6571 0.0000
vt 0.0384 0.6571 0.0000
vt 0.0732 0.3325 0.0000
vt 0.0839 0.3325 0.0000
vt 0.0839 0.4101 0.0000
vt 0.0732 0.4101 0.0000
vt 0.0947 0.3325 0.0000
vt 0.0947 0.4101 0.0000
vt 0.0039 0.3325 0.0000
vt 0.0147 0.3325 0.0000
vt 0.0147 0.4101 0.0000
vt 0.0039 0.4101 0.0000
vt 0.0245 0.3325 0.0000
vt 0.0245 0.4101 0.0000
vt 0.0492 0.4101 0.0000
vt 0.0602 0.4101 0.0000
vt 0.0602 0.4600 0.0000
vt 0.0492 0.4600 0.0000
vt 0.0732 0.4600 0.0000
vt 0.0839 0.4600 0.0000
vt 0.0947 0.4600 0.0000
vt 0.0147 0.4600 0.0000
vt 0.0039 0.4600 0.0000
vt 0.0245 0.4600 0.0000
vt 0.0384 0.4101 0.0000
vt 0.0384 0.4600 0.0000
vt 0.0602 0.4946 0.0000
vt 0.0492 0.4946 0.0000
vt 0.0732 0.4946 0.0000
vt 0.0839 0.4946 0.0000
vt 0.0947 0.4946 0.0000
vt 0.0147 0.4946 0.0000
vt 0.0039 0.4946 0.0000
vt 0.0245 0.4946 0.0000
vt 0.0384 0.4946 0.0000
vt 0.1439 0.4253 0.0000
vt 0.1439 0.6046 0.0000
vt 0.1328 0.6046 0.0000
vt 0.1328 0.4253 0.0000
vt 0.1217 0.6046 0.0000
vt 0.1217 0.4253 0.0000
vt 0.1107 0.6046 0.0000
vt 0.1107 0.4253 0.0000
vt 0.0996 0.6046 0.0000
vt 0.0996 0.4253 0.0000
vt 0.1881 0.4253 0.0000
vt 0.1881 0.6046 0.0000
vt 0.1770 0.6046 0.0000
vt 0.1770 0.4253 0.0000
vt 0.1660 0.6046 0.0000
vt 0.1660 0.4253 0.0000
vt 0.1549 0.6046 0.0000
vt 0.1549 0.4253 0.0000
vt 0.1439 0.7981 0.0000
vt 0.1328 0.7981 0.0000
vt 0.1217 0.7981 0.0000
vt 0.1107 0.7981 0.0000
vt 0.0996 0.7981 0.0000
vt 0.1881 0.7981 0.0000
vt 0.1770 0.7981 0.0000
vt 0.1660 0.7981 0.0000
vt 0.1549 0.7981 0.0000
vt 0.8597 0.3751 0.0000
vt 0.8849 0.3866 0.0000
vt 0.8759 0.3944 0.0000
vt 0.8596 0.3883 0.0000
vt 0.8946 0.4120 0.0000
vt 0.8827 0.4109 0.0000
vt 0.8838 0.4364 0.0000
vt 0.8758 0.4273 0.0000
vt 0.8593 0.4455 0.0000
vt 0.8594 0.4345 0.0000
vt 0.8350 0.4361 0.0000
vt 0.8431 0.4271 0.0000
vt 0.8244 0.4116 0.0000
vt 0.8363 0.4106 0.0000
vt 0.8343 0.3863 0.0000
vt 0.8433 0.3942 0.0000
vt 0.9247 0.3565 0.0000
vt 0.9376 0.3377 0.0000
vt 0.9476 0.3523 0.0000
vt 0.9421 0.3613 0.0000
vt 0.9598 0.3325 0.0000
vt 0.9580 0.3504 0.0000
vt 0.9796 0.3448 0.0000
vt 0.9669 0.3560 0.0000
vt 0.9849 0.3679 0.0000
vt 0.9691 0.3663 0.0000
vt 0.9722 0.3882 0.0000
vt 0.9630 0.3749 0.0000
vt 0.9486 0.3928 0.0000
vt 0.9528 0.3774 0.0000
vt 0.9290 0.3794 0.0000
vt 0.9441 0.3716 0.0000
vt 0.9555 0.3638 0.0000
vt 0.8595 0.4109 0.0000
vt 0.2994 0.3444 0.0000
vt 0.2994 0.3563 0.0000
vt 0.2666 0.3563 0.0000
vt 0.2666 0.3444 0.0000
vt 0.2994 0.3768 0.0000
vt 0.2666 0.3768 0.0000
vt 0.2994 0.3879 0.0000
vt 0.2666 0.3879 0.0000
vt 0.2994 0.3995 0.0000
vt 0.2666 0.3995 0.0000
vt 0.2994 0.4207 0.0000
vt 0.2666 0.4207 0.0000
vt 0.2994 0.3325 0.0000
vt 0.2666 0.3325 0.0000
vt 0.2337 0.3563 0.0000
vt 0.2337 0.3444 0.0000
vt 0.2337 0.3768 0.0000
vt 0.2337 0.3879 0.0000
vt 0.2337 0.3995 0.0000
vt 0.2337 0.4207 0.0000
vt 0.2337 0.3325 0.0000
vt 0.2005 0.3563 0.0000
vt 0.2005 0.3444 0.0000
vt 0.2005 0.3768 0.0000
vt 0.2005 0.3879 0.0000
vt 0.2005 0.3995 0.0000
vt 0.2005 0.4207 0.0000
vt 0.2005 0.3325 0.0000
vt 0.1673 0.3563 0.0000
vt 0.1673 0.3444 0.0000
vt 0.1673 0.3768 0.0000
vt 0.1673 0.3879 0.0000
vt 0.1673 0.3995 0.0000
vt 0.1673 0.4207 0.0000
vt 0.1673 0.3325 0.0000
vt 0.1333 0.3563 0.0000
vt 0.1333 0.3444 0.0000
vt 0.1333 0.3768 0.0000
vt 0.1333 0.3879 0.0000
vt 0.1333 0.3995 0.0000
vt 0.1333 0.4207 0.0000
vt 0.1333 0.3325 0.0000
vt 0.0996 0.3563 0.0000
vt 0.0996 0.3444 0.0000
vt 0.0996 0.3768 0.0000
vt 0.0996 0.3879 0.0000
vt 0.0996 0.3995 0.0000
vt 0.0996 0.4207 0.0000
vt 0.0996 0.3325 0.0000
vt 0.5649 0.3444 0.0000
vt 0.5649 0.3563 0.0000
vt 0.5317 0.3563 0.0000
vt 0.5317 0.3444 0.0000
vt 0.5649 0.3768 0.0000
vt 0.5317 0.3768 0.0000
vt 0.5649 0.3879 0.0000
vt 0.5317 0.3879 0.0000
vt 0.5649 0.3995 0.0000
vt 0.5317 0.3995 0.0000
vt 0.5649 0.4207 0.0000
vt 0.5317 0.4207 0.0000
vt 0.5649 0.3325 0.0000
vt 0.5317 0.3325 0.0000
vt 0.4976 0.3563 0.0000
vt 0.4976 0.3444 0.0000
vt 0.4976 0.3768 0.0000
vt 0.4976 0.3879 0.0000
vt 0.4976 0.3995 0.0000
vt 0.4976 0.4207 0.0000
vt 0.4976 0.3325 0.0000
vt 0.4638 0.3563 0.0000
vt 0.4638 0.3444 0.0000
vt 0.4638 0.3768 0.0000
vt 0.4638 0.3879 0.0000
vt 0.4638 0.3995 0.0000
vt 0.4638 0.4207 0.0000
vt 0.4638 0.3325 0.0000
vt 0.4311 0.3563 0.0000
vt 0.4311 0.3444 0.0000
vt 0.4311 0.3768 0.0000
vt 0.4311 0.3879 0.0000
vt 0.4311 0.3995 0.0000
vt 0.4311 0.4207 0.0000
vt 0.4311 0.3325 0.0000
vt 0.3985 0.3563 0.0000
vt 0.3985 0.3444 0.0000
vt 0.3985 0.3768 0.0000
vt 0.3985 0.3879 0.0000
vt 0.3985 0.3995 0.0000
vt 0.3985 0.4207 0.0000
vt 0.3985 0.3325 0.0000
vt 0.3653 0.3563 0.0000
vt 0.3653 0.3444 0.0000
vt 0.3653 0.3768 0.0000
vt 0.3653 0.3879 0.0000
vt 0.3653 0.3995 0.0000
vt 0.3653 0.4207 0.0000
vt 0.3653 0.3325 0.0000
vt 0.3324 0.3563 0.0000
vt 0.3324 0.3444 0.0000
vt 0.3324 0.3768 0.0000
vt 0.3324 0.3879 0.0000
vt 0.3324 0.3995 0.0000
vt 0.3324 0.4207 0.0000
vt 0.3324 0.3325 0.0000
vt 0.6655 0.3815 0.0000
vt 0.6535 0.3850 0.0000
vt 0.6514 0.3816 0.0000
vt 0.6654 0.3775 0.0000
vt 0.6447 0.3941 0.0000
vt 0.6411 0.3921 0.0000
vt 0.6416 0.4063 0.0000
vt 0.6375 0.4064 0.0000
vt 0.6451 0.4185 0.0000
vt 0.6416 0.4206 0.0000
vt 0.6541 0.4273 0.0000
vt 0.6522 0.4308 0.0000
vt 0.6663 0.4304 0.0000
vt 0.6664 0.4344 0.0000
vt 0.6785 0.4269 0.0000
vt 0.6806 0.4303 0.0000
vt 0.6873 0.4178 0.0000
vt 0.6909 0.4198 0.0000
vt 0.6904 0.4055 0.0000
vt 0.6945 0.4054 0.0000
vt 0.6869 0.3934 0.0000
vt 0.6904 0.3913 0.0000
vt 0.6779 0.3847 0.0000
vt 0.6798 0.3811 0.0000
vt 0.6375 0.4676 0.0000
vt 0.6384 0.4550 0.0000
vt 0.6615 0.4628 0.0000
vt 0.6454 0.4444 0.0000
vt 0.6567 0.4388 0.0000
vt 0.6694 0.4396 0.0000
vt 0.6800 0.4466 0.0000
vt 0.6857 0.4579 0.0000
vt 0.6848 0.4706 0.0000
vt 0.6778 0.4812 0.0000
vt 0.6664 0.4869 0.0000
vt 0.6538 0.4860 0.0000
vt 0.6432 0.4790 0.0000
vt 0.6659 0.4059 0.0000
vt 0.6337 0.3660 0.0000
vt 0.6389 0.3772 0.0000
vt 0.6199 0.3927 0.0000
vt 0.6069 0.3846 0.0000
vt 0.6642 0.3571 0.0000
vt 0.6626 0.3711 0.0000
vt 0.5950 0.4121 0.0000
vt 0.6066 0.4171 0.0000
vt 0.5912 0.4438 0.0000
vt 0.6052 0.4417 0.0000
vt 0.6015 0.4749 0.0000
vt 0.6134 0.4648 0.0000
vt 0.5783 0.3831 0.0000
vt 0.5737 0.3931 0.0000
vt 0.6338 0.4859 0.0000
vt 0.6244 0.4967 0.0000
vt 0.5987 0.5098 0.0000
vt 0.5906 0.5014 0.0000
vt 0.6572 0.4949 0.0000
vt 0.6548 0.5088 0.0000
vt 0.6889 0.3335 0.0000
vt 0.6945 0.3622 0.0000
vt 0.6776 0.3325 0.0000
vt 0.7216 0.3794 0.0000
vt 0.7389 0.4066 0.0000
vt 0.7250 0.4099 0.0000
vt 0.7116 0.3894 0.0000
vt 0.6912 0.3757 0.0000
vt 0.7448 0.4363 0.0000
vt 0.7293 0.4375 0.0000
vt 0.7344 0.4667 0.0000
vt 0.7234 0.4611 0.0000
vt 0.7151 0.4924 0.0000
vt 0.7079 0.4803 0.0000
vt 0.7691 0.4218 0.0000
vt 0.7677 0.4109 0.0000
vt 0.6873 0.5067 0.0000
vt 0.6821 0.4939 0.0000
vt 0.7092 0.5262 0.0000
vt 0.7191 0.5200 0.0000
vt 0.9657 0.2088 0.0000
vt 0.9657 0.1824 0.0000
vt 0.9798 0.1824 0.0000
vt 0.9798 0.2088 0.0000
vt 0.9657 0.1634 0.0000
vt 0.9798 0.1634 0.0000
vt 0.9657 0.1441 0.0000
vt 0.9798 0.1441 0.0000
vt 0.9657 0.1177 0.0000
vt 0.9798 0.1177 0.0000
vt 0.9657 0.2263 0.0000
vt 0.9798 0.2263 0.0000
vt 0.5149 0.6906 0.0000
vt 0.5149 0.7170 0.0000
vt 0.5008 0.7170 0.0000
vt 0.5008 0.6906 0.0000
vt 0.5149 0.6260 0.0000
vt 0.5149 0.6523 0.0000
vt 0.5008 0.6523 0.0000
vt 0.5008 0.6260 0.0000
vt 0.5149 0.7345 0.0000
vt 0.5008 0.7345 0.0000
vt 0.9753 0.0039 0.0000
vt 0.9753 0.0304 0.0000
vt 0.9611 0.0304 0.0000
vt 0.9611 0.0039 0.0000
vt 0.9753 0.0498 0.0000
vt 0.9611 0.0498 0.0000
vt 0.0495 0.3596 0.0000
vt 0.0495 0.3405 0.0000
vt 0.0636 0.3405 0.0000
vt 0.0636 0.3596 0.0000
vt 0.8062 0.7480 0.0000
vt 0.8062 0.7217 0.0000
vt 0.8203 0.7217 0.0000
vt 0.8203 0.7480 0.0000
vt 0.8062 0.7025 0.0000
vt 0.8203 0.7025 0.0000
vt 0.8062 0.6835 0.0000
vt 0.8203 0.6835 0.0000
vt 0.8062 0.6572 0.0000
vt 0.8203 0.6572 0.0000
vt 0.8062 0.6398 0.0000
vt 0.8203 0.6398 0.0000
vt 0.9753 0.0956 0.0000
vt 0.9753 0.1131 0.0000
vt 0.9611 0.1131 0.0000
vt 0.9611 0.0956 0.0000
vt 0.9205 0.3866 0.0000
vt 0.9359 0.4154 0.0000
vt 0.9206 0.4167 0.0000
vt 0.9107 0.3942 0.0000
vt 0.8974 0.3648 0.0000
vt 0.8925 0.3780 0.0000
vt 0.9339 0.4453 0.0000
vt 0.9213 0.4444 0.0000
vt 0.9228 0.4752 0.0000
vt 0.9113 0.4670 0.0000
vt 0.8995 0.4981 0.0000
vt 0.8935 0.4838 0.0000
vt 0.9615 0.4381 0.0000
vt 0.9620 0.4270 0.0000
vt 0.8691 0.5071 0.0000
vt 0.8657 0.4933 0.0000
vt 0.8861 0.5306 0.0000
vt 0.8972 0.5267 0.0000
vt 0.8366 0.5041 0.0000
vt 0.8408 0.4906 0.0000
vt 0.8862 0.3325 0.0000
vt 0.8967 0.3367 0.0000
vt 0.8681 0.3554 0.0000
vt 0.8361 0.3584 0.0000
vt 0.8404 0.3718 0.0000
vt 0.8193 0.3840 0.0000
vt 0.8083 0.3747 0.0000
vt 0.8649 0.3690 0.0000
vt 0.7896 0.3985 0.0000
vt 0.8028 0.4066 0.0000
vt 0.7849 0.4303 0.0000
vt 0.7973 0.4304 0.0000
vt 0.7904 0.4619 0.0000
vt 0.8023 0.4545 0.0000
vt 0.7808 0.3654 0.0000
vt 0.7745 0.3746 0.0000
vt 0.8191 0.4784 0.0000
vt 0.8086 0.4874 0.0000
vt 0.7803 0.4947 0.0000
vt 0.7743 0.4847 0.0000
vt 0.5149 0.6714 0.0000
vt 0.5008 0.6714 0.0000
vt 0.0495 0.3213 0.0000
vt 0.0495 0.2949 0.0000
vt 0.0636 0.2949 0.0000
vt 0.0636 0.3213 0.0000
vt 0.0495 0.3861 0.0000
vt 0.0636 0.3861 0.0000
vt 0.0636 0.4034 0.0000
vt 0.0495 0.4034 0.0000
vt 0.9753 0.0692 0.0000
vt 0.9611 0.0692 0.0000
vt 0.5374 0.4440 0.0000
vt 0.5384 0.4586 0.0000
vt 0.5344 0.4579 0.0000
vt 0.5336 0.4454 0.0000
vt 0.5319 0.4719 0.0000
vt 0.5288 0.4692 0.0000
vt 0.5198 0.4801 0.0000
vt 0.5185 0.4763 0.0000
vt 0.5051 0.4812 0.0000
vt 0.5058 0.4772 0.0000
vt 0.4918 0.4747 0.0000
vt 0.4944 0.4716 0.0000
vt 0.4835 0.4626 0.0000
vt 0.4874 0.4612 0.0000
vt 0.4825 0.4478 0.0000
vt 0.4865 0.4486 0.0000
vt 0.4890 0.4346 0.0000
vt 0.4921 0.4372 0.0000
vt 0.5012 0.4263 0.0000
vt 0.5026 0.4301 0.0000
vt 0.5158 0.4253 0.0000
vt 0.5151 0.4293 0.0000
vt 0.5291 0.4317 0.0000
vt 0.5265 0.4348 0.0000
vt 0.5105 0.4533 0.0000
vt 0.7516 0.6569 0.0000
vt 0.7580 0.6460 0.0000
vt 0.7751 0.6636 0.0000
vt 0.7692 0.6398 0.0000
vt 0.7818 0.6400 0.0000
vt 0.7927 0.6464 0.0000
vt 0.7989 0.6575 0.0000
vt 0.7988 0.6702 0.0000
vt 0.7923 0.6812 0.0000
vt 0.7812 0.6873 0.0000
vt 0.7686 0.6871 0.0000
vt 0.7576 0.6807 0.0000
vt 0.7515 0.6696 0.0000
vt 0.3680 0.5173 0.0000
vt 0.3798 0.5173 0.0000
vt 0.3798 0.5752 0.0000
vt 0.3680 0.5752 0.0000
vt 0.3913 0.5173 0.0000
vt 0.3913 0.5752 0.0000
vt 0.4029 0.5173 0.0000
vt 0.4029 0.5752 0.0000
vt 0.4145 0.5173 0.0000
vt 0.4145 0.5752 0.0000
vt 0.4262 0.5173 0.0000
vt 0.4262 0.5752 0.0000
vt 0.4380 0.5173 0.0000
vt 0.4380 0.5752 0.0000
vt 0.4497 0.5173 0.0000
vt 0.4497 0.5752 0.0000
vt 0.4609 0.5173 0.0000
vt 0.4609 0.5752 0.0000
vt 0.4743 0.5173 0.0000
vt 0.4743 0.5752 0.0000
vt 0.3321 0.5173 0.0000
vt 0.3445 0.5173 0.0000
vt 0.3445 0.5752 0.0000
vt 0.3321 0.5752 0.0000
vt 0.3562 0.5173 0.0000
vt 0.3562 0.5752 0.0000
vt 0.3798 0.5830 0.0000
vt 0.3680 0.5830 0.0000
vt 0.3913 0.5830 0.0000
vt 0.4029 0.5830 0.0000
vt 0.4145 0.5830 0.0000
vt 0.4262 0.5830 0.0000
vt 0.4380 0.5830 0.0000
vt 0.4497 0.5830 0.0000
vt 0.4609 0.5830 0.0000
vt 0.4743 0.5830 0.0000
vt 0.3445 0.5830 0.0000
vt 0.3321 0.5830 0.0000
vt 0.3562 0.5830 0.0000
vt 0.3680 0.5860 0.0000
vt 0.3798 0.5860 0.0000
vt 0.3798 0.5933 0.0000
vt 0.3680 0.5933 0.0000
vt 0.3913 0.5860 0.0000
vt 0.3913 0.5933 0.0000
vt 0.4029 0.5860 0.0000
vt 0.4029 0.5933 0.0000
vt 0.4145 0.5860 0.0000
vt 0.4145 0.5933 0.0000
vt 0.4262 0.5860 0.0000
vt 0.4262 0.5933 0.0000
vt 0.4380 0.5860 0.0000
vt 0.4380 0.5933 0.0000
vt 0.4497 0.5860 0.0000
vt 0.4497 0.5933 0.0000
vt 0.4609 0.5860 0.0000
vt 0.4609 0.5933 0.0000
vt 0.4743 0.5860 0.0000
vt 0.4743 0.5933 0.0000
vt 0.3321 0.5860 0.0000
vt 0.3445 0.5860 0.0000
vt 0.3445 0.5933 0.0000
vt 0.3321 0.5933 0.0000
vt 0.3562 0.5860 0.0000
vt 0.3562 0.5933 0.0000
vt 0.3798 0.5990 0.0000
vt 0.3680 0.5990 0.0000
vt 0.3913 0.5990 0.0000
vt 0.4029 0.5990 0.0000
vt 0.4145 0.5990 0.0000
vt 0.4262 0.5990 0.0000
vt 0.4380 0.5990 0.0000
vt 0.4497 0.5990 0.0000
vt 0.4609 0.5990 0.0000
vt 0.4743 0.5990 0.0000
vt 0.3445 0.5990 0.0000
vt 0.3321 0.5990 0.0000
vt 0.3562 0.5990 0.0000
vt 0.3680 0.5080 0.0000
vt 0.3680 0.4503 0.0000
vt 0.3798 0.4503 0.0000
vt 0.3798 0.5080 0.0000
vt 0.3913 0.4503 0.0000
vt 0.3913 0.5080 0.0000
vt 0.4029 0.4503 0.0000
vt 0.4029 0.5080 0.0000
vt 0.4145 0.4503 0.0000
vt 0.4145 0.5080 0.0000
vt 0.4262 0.4503 0.0000
vt 0.4262 0.5080 0.0000
vt 0.4380 0.4503 0.0000
vt 0.4380 0.5080 0.0000
vt 0.4497 0.4503 0.0000
vt 0.4497 0.5080 0.0000
vt 0.4609 0.4503 0.0000
vt 0.4609 0.5080 0.0000
vt 0.4743 0.4503 0.0000
vt 0.4743 0.5080 0.0000
vt 0.3321 0.5080 0.0000
vt 0.3321 0.4503 0.0000
vt 0.3445 0.4503 0.0000
vt 0.3445 0.5080 0.0000
vt 0.3562 0.4503 0.0000
vt 0.3562 0.5080 0.0000
vt 0.3680 0.4425 0.0000
vt 0.3798 0.4425 0.0000
vt 0.3913 0.4425 0.0000
vt 0.4029 0.4425 0.0000
vt 0.4145 0.4425 0.0000
vt 0.4262 0.4425 0.0000
vt 0.4380 0.4425 0.0000
vt 0.4497 0.4425 0.0000
vt 0.4609 0.4425 0.0000
vt 0.4743 0.4425 0.0000
vt 0.3321 0.4425 0.0000
vt 0.3445 0.4425 0.0000
vt 0.3562 0.4425 0.0000
vt 0.3680 0.4323 0.0000
vt 0.3798 0.4323 0.0000
vt 0.3798 0.4394 0.0000
vt 0.3680 0.4394 0.0000
vt 0.3913 0.4323 0.0000
vt 0.3913 0.4394 0.0000
vt 0.4029 0.4323 0.0000
vt 0.4029 0.4394 0.0000
vt 0.4145 0.4323 0.0000
vt 0.4145 0.4394 0.0000
vt 0.4262 0.4323 0.0000
vt 0.4262 0.4394 0.0000
vt 0.4380 0.4323 0.0000
vt 0.4380 0.4394 0.0000
vt 0.4497 0.4323 0.0000
vt 0.4497 0.4394 0.0000
vt 0.4609 0.4323 0.0000
vt 0.4609 0.4394 0.0000
vt 0.4743 0.4323 0.0000
vt 0.4743 0.4394 0.0000
vt 0.3321 0.4323 0.0000
vt 0.3445 0.4323 0.0000
vt 0.3445 0.4394 0.0000
vt 0.3321 0.4394 0.0000
vt 0.3562 0.4323 0.0000
vt 0.3562 0.4394 0.0000
vt 0.3680 0.4253 0.0000
vt 0.3798 0.4253 0.0000
vt 0.3913 0.4253 0.0000
vt 0.4029 0.4253 0.0000
vt 0.4145 0.4253 0.0000
vt 0.4262 0.4253 0.0000
vt 0.4380 0.4253 0.0000
vt 0.4497 0.4253 0.0000
vt 0.4609 0.4253 0.0000
vt 0.4743 0.4253 0.0000
vt 0.3321 0.4253 0.0000
vt 0.3445 0.4253 0.0000
vt 0.3562 0.4253 0.0000
vt 0.9847 0.4733 0.0000
vt 0.9573 0.4956 0.0000
vt 0.9492 0.4977 0.0000
vt 0.9251 0.4831 0.0000
vt 0.9856 0.6949 0.0000
vt 0.9662 0.6576 0.0000
vt 0.9657 0.4977 0.0000
vt 0.9436 0.6950 0.0000
vt 0.9579 0.6598 0.0000
vt 0.9201 0.6219 0.0000
vt 0.9498 0.6576 0.0000
vt 0.5479 0.6554 0.0000
vt 0.5457 0.6635 0.0000
vt 0.5235 0.6910 0.0000
vt 0.5331 0.6314 0.0000
vt 0.7078 0.6718 0.0000
vt 0.7451 0.6910 0.0000
vt 0.5478 0.6719 0.0000
vt 0.7100 0.6635 0.0000
vt 0.7452 0.6491 0.0000
vt 0.7077 0.6554 0.0000
vt 0.6719 0.6259 0.0000
vt 0.3587 0.7421 0.0000
vt 0.3503 0.7421 0.0000
vt 0.3503 0.7390 0.0000
vt 0.3587 0.7390 0.0000
vt 0.9961 0.4832 0.0000
vt 0.9961 0.5436 0.0000
vt 0.9931 0.5436 0.0000
vt 0.9931 0.4832 0.0000
vt 0.9961 0.2616 0.0000
vt 0.9931 0.2616 0.0000
vt 0.6955 0.7421 0.0000
vt 0.5356 0.7421 0.0000
vt 0.5356 0.7390 0.0000
vt 0.6955 0.7391 0.0000
vt 0.5270 0.7421 0.0000
vt 0.5270 0.7390 0.0000
vt 0.9961 0.2197 0.0000
vt 0.9931 0.2197 0.0000
vt 0.9961 0.1428 0.0000
vt 0.9931 0.1428 0.0000
vt 0.9961 0.0039 0.0000
vt 0.9931 0.0039 0.0000
vt 0.5186 0.7421 0.0000
vt 0.5186 0.7390 0.0000
vt 0.7041 0.7421 0.0000
vt 0.7041 0.7391 0.0000
vt 0.0190 0.1259 0.0000
vt 0.0146 0.1251 0.0000
vt 0.0142 0.1222 0.0000
vt 0.0202 0.1232 0.0000
vt 0.0104 0.1266 0.0000
vt 0.0086 0.1242 0.0000
vt 0.0075 0.1301 0.0000
vt 0.0049 0.1289 0.0000
vt 0.0068 0.1344 0.0000
vt 0.0039 0.1347 0.0000
vt 0.0083 0.1386 0.0000
vt 0.0060 0.1403 0.0000
vt 0.0118 0.1414 0.0000
vt 0.0106 0.1441 0.0000
vt 0.0162 0.1422 0.0000
vt 0.0166 0.1451 0.0000
vt 0.0203 0.1406 0.0000
vt 0.0221 0.1430 0.0000
vt 0.0232 0.1372 0.0000
vt 0.0259 0.1384 0.0000
vt 0.0240 0.1329 0.0000
vt 0.0269 0.1326 0.0000
vt 0.0224 0.1287 0.0000
vt 0.0248 0.1270 0.0000
vt 0.0216 0.1622 0.0000
vt 0.0187 0.1661 0.0000
vt 0.0179 0.1649 0.0000
vt 0.0203 0.1617 0.0000
vt 0.0143 0.1680 0.0000
vt 0.0142 0.1665 0.0000
vt 0.0096 0.1673 0.0000
vt 0.0101 0.1660 0.0000
vt 0.0058 0.1645 0.0000
vt 0.0070 0.1636 0.0000
vt 0.0039 0.1601 0.0000
vt 0.0053 0.1597 0.0000
vt 0.0046 0.1553 0.0000
vt 0.0059 0.1558 0.0000
vt 0.0075 0.1514 0.0000
vt 0.0083 0.1526 0.0000
vt 0.0118 0.1496 0.0000
vt 0.0120 0.1511 0.0000
vt 0.0166 0.1502 0.0000
vt 0.0161 0.1515 0.0000
vt 0.0204 0.1530 0.0000
vt 0.0192 0.1539 0.0000
vt 0.0223 0.1574 0.0000
vt 0.0209 0.1578 0.0000
vt 0.0131 0.1588 0.0000
vt 0.0153 0.1336 0.0000
vt 0.8948 0.5885 0.0000
vt 0.8996 0.5871 0.0000
vt 0.9041 0.5891 0.0000
vt 0.8871 0.6008 0.0000
vt 0.9098 0.6023 0.0000
vt 0.9074 0.6410 0.0000
vt 0.8840 0.6402 0.0000
vt 0.8954 0.6770 0.0000
vt 0.8903 0.6826 0.0000
vt 0.8833 0.6852 0.0000
vt 0.8827 0.6778 0.0000
vt 0.8963 0.6694 0.0000
vt 0.8821 0.6704 0.0000
vt 0.8832 0.6555 0.0000
vt 0.8952 0.6549 0.0000
vt 0.8757 0.6839 0.0000
vt 0.8699 0.6789 0.0000
vt 0.8679 0.6716 0.0000
vt 0.8671 0.6574 0.0000
vt 0.0268 0.2004 0.0000
vt 0.0040 0.2004 0.0000
vt 0.0051 0.1926 0.0000
vt 0.0256 0.1926 0.0000
vt 0.0039 0.2394 0.0000
vt 0.0267 0.2394 0.0000
vt 0.0067 0.2804 0.0000
vt 0.0308 0.2804 0.0000
vt 0.0307 0.2943 0.0000
vt 0.0169 0.2905 0.0000
vt 0.0307 0.2664 0.0000
vt 0.0039 0.2666 0.0000
vt 0.0549 0.2804 0.0000
vt 0.0447 0.2906 0.0000
vt 0.0575 0.2394 0.0000
vt 0.0575 0.2665 0.0000
vt 0.9057 0.5875 0.0000
vt 0.8997 0.5849 0.0000
vt 0.8997 0.5833 0.0000
vt 0.9067 0.5862 0.0000
vt 0.9098 0.5939 0.0000
vt 0.9113 0.5934 0.0000
vt 0.9115 0.6024 0.0000
vt 0.8884 0.5924 0.0000
vt 0.8854 0.6006 0.0000
vt 0.8869 0.5917 0.0000
vt 0.8934 0.5867 0.0000
vt 0.8925 0.5853 0.0000
vt 0.9091 0.6410 0.0000
vt 0.8827 0.6392 0.0000
vt 0.9077 0.6826 0.0000
vt 0.9099 0.6683 0.0000
vt 0.9115 0.6683 0.0000
vt 0.9092 0.6833 0.0000
vt 0.8840 0.6987 0.0000
vt 0.8980 0.6938 0.0000
vt 0.8989 0.6952 0.0000
vt 0.8841 0.7003 0.0000
vt 0.8581 0.6863 0.0000
vt 0.8694 0.6960 0.0000
vt 0.8686 0.6975 0.0000
vt 0.8567 0.6872 0.0000
vt 0.8538 0.6723 0.0000
vt 0.8521 0.6725 0.0000
vt 0.8529 0.6454 0.0000
vt 0.8517 0.6443 0.0000
vt 0.9070 0.5937 0.0000
vt 0.9074 0.5998 0.0000
vt 0.8899 0.5986 0.0000
vt 0.8911 0.5926 0.0000
vt 0.0094 0.1867 0.0000
vt 0.0154 0.1847 0.0000
vt 0.0212 0.1868 0.0000
vt 0.9209 0.7078 0.0000
vt 0.9805 0.7176 0.0000
vt 0.9565 0.7322 0.0000
vt 0.9484 0.7301 0.0000
vt 0.9400 0.7322 0.0000
vt 0.9395 0.8921 0.0000
vt 0.9201 0.9294 0.0000
vt 0.9620 0.9295 0.0000
vt 0.9478 0.8943 0.0000
vt 0.9559 0.8921 0.0000
vt 0.9856 0.8564 0.0000
vt 0.0905 0.2838 0.0000
vt 0.4803 0.2838 0.0000
vt 0.4803 0.2948 0.0000
vt 0.0905 0.2948 0.0000
vt 0.4803 0.3058 0.0000
vt 0.0905 0.3058 0.0000
vt 0.4803 0.3169 0.0000
vt 0.0905 0.3169 0.0000
vt 0.4803 0.3279 0.0000
vt 0.0905 0.3279 0.0000
vt 0.0905 0.2394 0.0000
vt 0.4803 0.2394 0.0000
vt 0.4803 0.2505 0.0000
vt 0.0905 0.2505 0.0000
vt 0.4803 0.2616 0.0000
vt 0.0905 0.2616 0.0000
vt 0.4803 0.2727 0.0000
vt 0.0905 0.2727 0.0000
vt 0.9610 0.2838 0.0000
vt 0.9610 0.2948 0.0000
vt 0.5713 0.2948 0.0000
vt 0.5713 0.2838 0.0000
vt 0.9610 0.3058 0.0000
vt 0.5713 0.3058 0.0000
vt 0.9610 0.3169 0.0000
vt 0.5713 0.3169 0.0000
vt 0.9610 0.3279 0.0000
vt 0.5713 0.3279 0.0000
vt 0.9610 0.2394 0.0000
vt 0.9610 0.2505 0.0000
vt 0.5713 0.2505 0.0000
vt 0.5713 0.2394 0.0000
vt 0.9610 0.2616 0.0000
vt 0.5713 0.2616 0.0000
vt 0.9610 0.2727 0.0000
vt 0.5713 0.2727 0.0000
vt 0.5258 0.2838 0.0000
vt 0.5258 0.2948 0.0000
vt 0.5258 0.3058 0.0000
vt 0.5258 0.3169 0.0000
vt 0.5258 0.3279 0.0000
vt 0.5258 0.2394 0.0000
vt 0.5258 0.2505 0.0000
vt 0.5258 0.2616 0.0000
vt 0.5258 0.2727 0.0000
vt 0.2944 0.4253 0.0000
vt 0.2944 0.4732 0.0000
vt 0.2868 0.4732 0.0000
vt 0.2868 0.4253 0.0000
vt 0.2791 0.4732 0.0000
vt 0.2791 0.4253 0.0000
vt 0.2714 0.4732 0.0000
vt 0.2714 0.4253 0.0000
vt 0.2637 0.4732 0.0000
vt 0.2637 0.4253 0.0000
vt 0.3252 0.4253 0.0000
vt 0.3252 0.4732 0.0000
vt 0.3175 0.4732 0.0000
vt 0.3175 0.4253 0.0000
vt 0.3098 0.4732 0.0000
vt 0.3098 0.4253 0.0000
vt 0.3021 0.4732 0.0000
vt 0.3021 0.4253 0.0000
vt 0.2944 0.5209 0.0000
vt 0.2868 0.5209 0.0000
vt 0.2791 0.5209 0.0000
vt 0.2714 0.5209 0.0000
vt 0.2637 0.5209 0.0000
vt 0.3252 0.5209 0.0000
vt 0.3175 0.5209 0.0000
vt 0.3098 0.5209 0.0000
vt 0.3021 0.5209 0.0000
vt 0.2944 0.6159 0.0000
vt 0.2868 0.6159 0.0000
vt 0.2791 0.6159 0.0000
vt 0.2714 0.6159 0.0000
vt 0.2637 0.6159 0.0000
vt 0.3252 0.6159 0.0000
vt 0.3175 0.6159 0.0000
vt 0.3098 0.6159 0.0000
vt 0.3021 0.6159 0.0000
vt 0.2944 0.7113 0.0000
vt 0.2868 0.7113 0.0000
vt 0.2791 0.7113 0.0000
vt 0.2714 0.7113 0.0000
vt 0.2637 0.7113 0.0000
vt 0.3252 0.7113 0.0000
vt 0.3175 0.7113 0.0000
vt 0.3098 0.7113 0.0000
vt 0.3021 0.7113 0.0000
vt 0.2944 0.8074 0.0000
vt 0.2868 0.8074 0.0000
vt 0.2791 0.8074 0.0000
vt 0.2714 0.8074 0.0000
vt 0.2637 0.8074 0.0000
vt 0.3252 0.8074 0.0000
vt 0.3175 0.8074 0.0000
vt 0.3098 0.8074 0.0000
vt 0.3021 0.8074 0.0000
vt 0.2944 0.8935 0.0000
vt 0.2868 0.8935 0.0000
vt 0.2791 0.8935 0.0000
vt 0.2714 0.8935 0.0000
vt 0.2637 0.8935 0.0000
vt 0.3252 0.8935 0.0000
vt 0.3175 0.8935 0.0000
vt 0.3098 0.8935 0.0000
vt 0.3021 0.8935 0.0000
vt 0.2259 0.4253 0.0000
vt 0.2259 0.4682 0.0000
vt 0.2183 0.4682 0.0000
vt 0.2183 0.4253 0.0000
vt 0.2106 0.4682 0.0000
vt 0.2106 0.4253 0.0000
vt 0.2029 0.4682 0.0000
vt 0.2029 0.4253 0.0000
vt 0.1954 0.4682 0.0000
vt 0.1954 0.4253 0.0000
vt 0.2564 0.4253 0.0000
vt 0.2564 0.4682 0.0000
vt 0.2488 0.4682 0.0000
vt 0.2488 0.4253 0.0000
vt 0.2411 0.4682 0.0000
vt 0.2411 0.4253 0.0000
vt 0.2335 0.4682 0.0000
vt 0.2335 0.4253 0.0000
vt 0.2259 0.5632 0.0000
vt 0.2183 0.5632 0.0000
vt 0.2106 0.5632 0.0000
vt 0.2029 0.5632 0.0000
vt 0.1954 0.5632 0.0000
vt 0.2564 0.5632 0.0000
vt 0.2488 0.5632 0.0000
vt 0.2411 0.5632 0.0000
vt 0.2335 0.5632 0.0000
vt 0.2259 0.6588 0.0000
vt 0.2183 0.6588 0.0000
vt 0.2106 0.6588 0.0000
vt 0.2029 0.6588 0.0000
vt 0.1954 0.6588 0.0000
vt 0.2564 0.6588 0.0000
vt 0.2488 0.6588 0.0000
vt 0.2411 0.6588 0.0000
vt 0.2335 0.6588 0.0000
vt 0.2259 0.7535 0.0000
vt 0.2183 0.7535 0.0000
vt 0.2106 0.7535 0.0000
vt 0.2029 0.7535 0.0000
vt 0.1954 0.7535 0.0000
vt 0.2564 0.7535 0.0000
vt 0.2488 0.7535 0.0000
vt 0.2411 0.7535 0.0000
vt 0.2335 0.7535 0.0000
vt 0.2259 0.8481 0.0000
vt 0.2183 0.8481 0.0000
vt 0.2106 0.8481 0.0000
vt 0.2029 0.8481 0.0000
vt 0.1954 0.8481 0.0000
vt 0.2564 0.8481 0.0000
vt 0.2488 0.8481 0.0000
vt 0.2411 0.8481 0.0000
vt 0.2335 0.8481 0.0000
vt 0.2259 0.8954 0.0000
vt 0.2183 0.8954 0.0000
vt 0.2106 0.8954 0.0000
vt 0.2029 0.8954 0.0000
vt 0.1954 0.8954 0.0000
vt 0.2564 0.8954 0.0000
vt 0.2488 0.8954 0.0000
vt 0.2411 0.8954 0.0000
vt 0.2335 0.8954 0.0000
vt 0.2259 0.9430 0.0000
vt 0.2183 0.9430 0.0000
vt 0.2106 0.9430 0.0000
vt 0.2029 0.9430 0.0000
vt 0.1954 0.9430 0.0000
vt 0.2564 0.9430 0.0000
vt 0.2488 0.9430 0.0000
vt 0.2411 0.9430 0.0000
vt 0.2335 0.9430 0.0000
# 1136 texture coords

o Object001
g Object001
usemtl FoldingWalker_initialShadingGroup
s 1
f 1/1/1 2/2/2 3/3/3 4/4/4 
f 4/4/4 3/3/3 5/5/5 6/6/6 
f 6/6/6 5/5/5 7/7/7 8/8/8 
f 8/8/8 7/7/7 9/9/9 10/10/10 
f 10/11/10 9/12/9 11/13/11 12/14/12 
f 12/14/12 11/13/11 13/15/13 14/16/14 
f 14/16/14 13/15/13 15/17/15 16/18/16 
f 16/18/16 15/17/15 2/2/2 1/1/1 
f 2/19/2 17/20/17 18/21/18 3/22/3 
f 3/22/3 18/21/18 19/23/19 5/24/5 
f 5/24/5 19/23/19 20/25/20 7/26/7 
f 7/26/7 20/25/20 21/27/21 9/28/9 
f 9/29/9 21/30/21 22/31/22 11/32/11 
f 11/32/11 22/31/22 23/33/23 13/34/13 
f 13/34/13 23/33/23 24/35/24 15/36/15 
f 15/36/15 24/35/24 17/20/17 2/19/2 
f 17/20/17 25/37/25 26/38/26 18/21/18 
f 18/21/18 26/38/26 27/39/27 19/23/19 
f 19/23/19 27/39/27 28/40/28 20/25/20 
f 20/25/20 28/40/28 29/41/29 21/27/21 
f 21/30/21 29/42/29 30/43/30 22/31/22 
f 22/31/22 30/43/30 31/44/31 23/33/23 
f 23/33/23 31/44/31 32/45/32 24/35/24 
f 24/35/24 32/45/32 25/37/25 17/20/17 
f 25/37/25 33/46/33 34/47/34 26/38/26 
f 26/38/26 34/47/34 35/48/35 27/39/27 
f 27/39/27 35/48/35 36/49/36 28/40/28 
f 28/40/28 36/49/36 37/50/37 29/41/29 
f 29/42/29 37/51/37 38/52/38 30/43/30 
f 30/43/30 38/52/38 39/53/39 31/44/31 
f 31/44/31 39/53/39 40/54/40 32/45/32 
f 32/45/32 40/54/40 33/46/33 25/37/25 
f 33/46/33 41/55/41 42/56/42 34/47/34 
f 34/47/34 42/56/42 43/57/43 35/48/35 
f 35/48/35 43/57/43 44/58/44 36/49/36 
f 36/49/36 44/58/44 45/59/45 37/50/37 
f 37/51/37 45/60/45 46/61/46 38/52/38 
f 38/52/38 46/61/46 47/62/47 39/53/39 
f 39/53/39 47/62/47 48/63/48 40/54/40 
f 40/54/40 48/63/48 41/55/41 33/46/33 
f 41/55/41 49/64/49 50/65/50 42/56/42 
f 42/56/42 50/65/50 51/66/51 43/57/43 
f 43/57/43 51/66/51 52/67/52 44/58/44 
f 44/58/44 52/67/52 53/68/53 45/59/45 
f 45/60/45 53/69/53 54/70/54 46/61/46 
f 46/61/46 54/70/54 55/71/55 47/62/47 
f 47/62/47 55/71/55 56/72/56 48/63/48 
f 48/63/48 56/72/56 49/64/49 41/55/41 
f 49/73/49 57/74/57 58/75/58 50/76/50 
f 50/76/50 58/75/58 59/77/59 51/78/51 
f 51/78/51 59/77/59 60/79/60 52/80/52 
f 53/81/53 61/82/61 62/83/62 54/84/54 
f 54/84/54 62/83/62 63/85/63 55/86/55 
f 64/87/64 65/88/65 66/89/66 67/90/67 
f 65/88/65 68/91/68 69/92/69 66/89/66 
f 68/91/68 70/93/70 71/94/71 69/92/69 
f 70/93/70 72/95/72 73/96/73 71/94/71 
f 72/97/72 74/98/74 75/99/75 73/100/73 
f 74/98/74 76/101/76 77/102/77 75/99/75 
f 76/101/76 78/103/78 79/104/79 77/102/77 
f 78/103/78 64/87/64 67/90/67 79/104/79 
f 67/105/67 66/106/66 80/107/80 81/108/81 
f 66/106/66 69/109/69 82/110/82 80/107/80 
f 69/109/69 71/111/71 83/112/83 82/110/82 
f 71/111/71 73/113/73 84/114/84 83/112/83 
f 73/115/73 75/116/75 85/117/85 84/118/84 
f 75/116/75 77/119/77 86/120/86 85/117/85 
f 77/119/77 79/121/79 87/122/87 86/120/86 
f 79/121/79 67/105/67 81/108/81 87/122/87 
f 81/108/81 80/107/80 88/123/88 89/124/89 
f 80/107/80 82/110/82 90/125/90 88/123/88 
f 82/110/82 83/112/83 91/126/91 90/125/90 
f 83/112/83 84/114/84 92/127/92 91/126/91 
f 84/118/84 85/117/85 93/128/93 92/129/92 
f 85/117/85 86/120/86 94/130/94 93/128/93 
f 86/120/86 87/122/87 95/131/95 94/130/94 
f 87/122/87 81/108/81 89/124/89 95/131/95 
f 89/124/89 88/123/88 96/132/96 97/133/97 
f 88/123/88 90/125/90 98/134/98 96/132/96 
f 90/125/90 91/126/91 99/135/99 98/134/98 
f 91/126/91 92/127/92 100/136/100 99/135/99 
f 92/129/92 93/128/93 101/137/101 100/138/100 
f 93/128/93 94/130/94 102/139/102 101/137/101 
f 94/130/94 95/131/95 103/140/103 102/139/102 
f 95/131/95 89/124/89 97/133/97 103/140/103 
f 97/133/97 96/132/96 104/141/104 105/142/105 
f 96/132/96 98/134/98 106/143/106 104/141/104 
f 98/134/98 99/135/99 107/144/107 106/143/106 
f 99/135/99 100/136/100 108/145/108 107/144/107 
f 100/138/100 101/137/101 109/146/109 108/147/108 
f 101/137/101 102/139/102 110/148/110 109/146/109 
f 102/139/102 103/140/103 111/149/111 110/148/110 
f 103/140/103 97/133/97 105/142/105 111/149/111 
f 105/142/105 104/141/104 58/150/58 57/151/57 
f 104/141/104 106/143/106 59/152/59 58/150/58 
f 106/143/106 107/144/107 60/153/60 59/152/59 
f 107/144/107 108/145/108 61/154/61 60/153/60 
f 108/147/108 109/146/109 62/155/62 61/156/61 
f 109/146/109 110/148/110 63/157/63 62/155/62 
f 110/148/110 111/149/111 112/158/112 63/157/63 
f 111/149/111 105/142/105 57/151/57 112/158/112 
f 60/79/60 61/159/61 53/160/53 52/80/52 
f 63/85/63 112/161/112 56/162/56 55/86/55 
f 112/161/112 57/74/57 49/73/49 56/162/56 
f 113/163/113 114/164/114 115/165/115 116/166/116 
f 116/166/116 115/165/115 117/167/117 118/168/118 
f 118/169/118 117/170/117 119/171/119 120/172/120 
f 120/172/120 119/171/119 121/173/121 122/174/122 
f 123/175/123 124/176/124 125/177/125 126/178/126 
f 126/178/126 125/177/125 127/179/127 114/164/114 
f 114/164/114 127/179/127 128/180/128 115/165/115 
f 115/165/115 128/180/128 129/181/129 117/167/117 
f 117/170/117 129/182/129 130/183/130 119/171/119 
f 119/171/119 130/183/130 131/184/131 121/173/121 
f 121/173/121 131/184/131 132/185/132 133/186/133 
f 133/186/133 132/185/132 124/176/124 123/175/123 
f 124/176/124 134/187/134 135/188/135 125/177/125 
f 125/177/125 135/188/135 136/189/136 127/179/127 
f 127/179/127 136/189/136 137/190/137 128/180/128 
f 128/180/128 137/190/137 138/191/138 129/181/129 
f 129/182/129 138/192/138 139/193/139 130/183/130 
f 130/183/130 139/193/139 140/194/140 131/184/131 
f 131/184/131 140/194/140 141/195/141 132/185/132 
f 132/185/132 141/195/141 134/187/134 124/176/124 
f 134/187/134 142/196/142 143/197/143 135/188/135 
f 135/188/135 143/197/143 144/198/144 136/189/136 
f 136/189/136 144/198/144 145/199/145 137/190/137 
f 137/190/137 145/199/145 146/200/146 138/191/138 
f 138/192/138 146/201/146 147/202/147 139/193/139 
f 139/193/139 147/202/147 148/203/148 140/194/140 
f 140/194/140 148/203/148 149/204/149 141/195/141 
f 141/195/141 149/204/149 142/196/142 134/187/134 
f 150/205/150 151/206/151 152/207/152 153/208/153 
f 151/206/151 154/209/154 155/210/155 152/207/152 
f 154/211/154 156/212/156 157/213/157 155/214/155 
f 156/212/156 158/215/158 159/216/159 157/213/157 
f 160/217/160 161/218/161 162/219/162 163/220/163 
f 161/218/161 153/208/153 164/221/164 162/219/162 
f 153/208/153 152/207/152 165/222/165 164/221/164 
f 152/207/152 155/210/155 166/223/166 165/222/165 
f 155/214/155 157/213/157 167/224/167 166/225/166 
f 157/213/157 159/216/159 168/226/168 167/224/167 
f 159/216/159 169/227/169 170/228/170 168/226/168 
f 169/227/169 160/217/160 163/220/163 170/228/170 
f 163/220/163 162/219/162 171/229/171 172/230/172 
f 162/219/162 164/221/164 173/231/173 171/229/171 
f 164/221/164 165/222/165 174/232/174 173/231/173 
f 165/222/165 166/223/166 175/233/175 174/232/174 
f 166/225/166 167/224/167 176/234/176 175/235/175 
f 167/224/167 168/226/168 177/236/177 176/234/176 
f 168/226/168 170/228/170 178/237/178 177/236/177 
f 170/228/170 163/220/163 172/230/172 178/237/178 
f 172/230/172 171/229/171 143/197/143 142/196/142 
f 171/229/171 173/231/173 144/198/144 143/197/143 
f 173/231/173 174/232/174 145/199/145 144/198/144 
f 174/232/174 175/233/175 146/200/146 145/199/145 
f 175/235/175 176/234/176 147/202/147 146/201/146 
f 176/234/176 177/236/177 148/203/148 147/202/147 
f 177/236/177 178/237/178 149/204/149 148/203/148 
f 178/237/178 172/230/172 142/196/142 149/204/149 
f 179/238/179 180/239/180 181/240/181 182/241/182 
f 182/241/182 181/240/181 183/242/183 184/243/184 
f 184/243/184 183/242/183 185/244/185 186/245/186 
f 186/245/186 185/244/185 187/246/187 188/247/188 
f 188/248/188 187/249/187 189/250/189 190/251/190 
f 190/251/190 189/250/189 191/252/191 192/253/192 
f 192/253/192 191/252/191 193/254/193 194/255/194 
f 194/255/194 193/254/193 180/239/180 179/238/179 
f 180/239/180 195/256/195 196/257/196 181/240/181 
f 181/240/181 196/257/196 197/258/197 183/242/183 
f 183/242/183 197/258/197 198/259/198 185/244/185 
f 185/244/185 198/259/198 199/260/199 187/246/187 
f 187/249/187 199/261/199 200/262/200 189/250/189 
f 189/250/189 200/262/200 201/263/201 191/252/191 
f 191/252/191 201/263/201 202/264/202 193/254/193 
f 193/254/193 202/264/202 195/256/195 180/239/180 
f 203/265/203 204/266/204 205/267/205 206/268/206 
f 204/266/204 207/269/207 208/270/208 205/267/205 
f 207/269/207 209/271/209 210/272/210 208/270/208 
f 209/271/209 211/273/211 212/274/212 210/272/210 
f 211/273/211 213/275/213 214/276/214 212/274/212 
f 213/275/213 215/277/215 216/278/216 214/276/214 
f 215/277/215 217/279/217 218/280/218 216/278/216 
f 217/279/217 203/265/203 206/268/206 218/280/218 
f 204/281/204 203/282/203 219/283/219 220/284/220 
f 203/282/203 217/285/217 221/286/221 219/283/219 
f 217/285/217 215/287/215 222/288/222 221/286/221 
f 215/287/215 213/289/213 223/290/223 222/288/222 
f 213/289/213 211/291/211 224/292/224 223/290/223 
f 211/291/211 209/293/209 225/294/225 224/292/224 
f 209/293/209 207/295/207 226/296/226 225/294/225 
f 207/295/207 204/281/204 220/284/220 226/296/226 
s 2
f 220/284/146 219/283/146 227/297/146 
f 219/283/146 221/286/146 227/297/146 
f 221/286/146 222/288/146 227/297/146 
f 222/288/146 223/290/146 227/297/146 
f 223/290/146 224/292/146 227/297/146 
f 224/292/146 225/294/146 227/297/146 
f 225/294/146 226/296/146 227/297/146 
f 226/296/146 220/284/146 227/297/146 
f 206/268/227 205/267/228 228/298/229 
f 205/267/228 208/270/230 228/298/229 
f 208/270/230 210/272/231 228/298/229 
f 210/272/231 212/274/232 228/298/229 
f 212/274/232 214/276/233 228/298/229 
f 214/276/233 216/278/230 228/298/229 
f 216/278/230 218/280/234 228/298/229 
f 218/280/234 206/268/227 228/298/229 
s 1
f 229/299/235 230/300/236 231/301/237 232/302/238 
f 230/300/236 233/303/239 234/304/240 231/301/237 
f 233/303/239 235/305/241 236/306/242 234/304/240 
f 235/305/241 237/307/243 238/308/244 236/306/242 
f 237/307/243 239/309/245 240/310/246 238/308/244 
f 239/311/245 229/299/235 232/302/238 240/312/246 
f 232/302/238 231/301/237 241/313/247 242/314/248 
f 231/301/237 234/304/240 243/315/249 241/313/247 
f 234/304/240 236/306/242 244/316/250 243/315/249 
f 236/306/242 238/308/244 245/317/251 244/316/250 
f 238/308/244 240/310/246 246/318/252 245/317/251 
f 240/312/246 232/302/238 242/314/248 246/319/252 
f 242/314/248 241/313/247 247/320/253 248/321/254 
f 241/313/247 243/315/249 249/322/255 247/320/253 
f 243/315/249 244/316/250 250/323/256 249/322/255 
f 244/316/250 245/317/251 251/324/257 250/323/256 
f 245/317/251 246/318/252 252/325/258 251/324/257 
f 246/319/252 242/314/248 248/321/254 252/326/258 
f 248/321/254 247/320/253 253/327/259 254/328/260 
f 247/320/253 249/322/255 255/329/261 253/327/259 
f 249/322/255 250/323/256 256/330/262 255/329/261 
f 250/323/256 251/324/257 257/331/263 256/330/262 
f 251/324/257 252/325/258 258/332/264 257/331/263 
f 252/326/258 248/321/254 254/328/260 258/333/264 
f 254/328/260 253/327/259 259/334/265 260/335/266 
f 253/327/259 255/329/261 261/336/267 259/334/265 
f 255/329/261 256/330/262 262/337/268 261/336/267 
f 256/330/262 257/331/263 263/338/269 262/337/268 
f 257/331/263 258/332/264 264/339/270 263/338/269 
f 258/333/264 254/328/260 260/335/266 264/340/270 
f 260/335/266 259/334/265 265/341/271 266/342/272 
f 259/334/265 261/336/267 267/343/273 265/341/271 
f 261/336/267 262/337/268 268/344/274 267/343/273 
f 262/337/268 263/338/269 269/345/275 268/344/274 
f 263/338/269 264/339/270 270/346/276 269/345/275 
f 264/340/270 260/335/266 266/342/272 270/347/276 
f 266/348/272 265/349/271 271/350/277 272/351/278 
f 265/349/271 267/352/273 273/353/279 271/350/277 
f 267/352/273 268/354/274 274/355/280 273/353/279 
f 268/354/274 269/356/275 275/357/281 274/355/280 
f 269/356/275 270/358/276 276/359/282 275/357/281 
f 270/360/276 266/348/272 272/351/278 276/361/282 
f 272/351/278 271/350/277 277/362/283 278/363/284 
f 271/350/277 273/353/279 279/364/285 277/362/283 
f 273/353/279 274/355/280 280/365/286 279/364/285 
f 274/355/280 275/357/281 281/366/287 280/365/286 
f 275/357/281 276/359/282 282/367/288 281/366/287 
f 276/361/282 272/351/278 278/363/284 282/368/288 
f 278/363/284 277/362/283 283/369/289 284/370/290 
f 277/362/283 279/364/285 285/371/291 283/369/289 
f 279/364/285 280/365/286 286/372/292 285/371/291 
f 280/365/286 281/366/287 287/373/293 286/372/292 
f 281/366/287 282/367/288 288/374/294 287/373/293 
f 282/368/288 278/363/284 284/370/290 288/375/294 
f 284/370/290 283/369/289 289/376/295 290/377/296 
f 283/369/289 285/371/291 291/378/297 289/376/295 
f 285/371/291 286/372/292 292/379/298 291/378/297 
f 286/372/292 287/373/293 293/380/299 292/379/298 
f 287/373/293 288/374/294 294/381/300 293/380/299 
f 288/375/294 284/370/290 290/377/296 294/382/300 
f 290/377/296 289/376/295 295/383/301 296/384/302 
f 289/376/295 291/378/297 297/385/303 295/383/301 
f 291/378/297 292/379/298 298/386/304 297/385/303 
f 292/379/298 293/380/299 299/387/305 298/386/304 
f 293/380/299 294/381/300 300/388/306 299/387/305 
f 294/382/300 290/377/296 296/384/302 300/389/306 
f 296/384/302 295/383/301 301/390/307 302/391/308 
f 295/383/301 297/385/303 303/392/309 301/390/307 
f 297/385/303 298/386/304 304/393/310 303/392/309 
f 298/386/304 299/387/305 305/394/311 304/393/310 
f 299/387/305 300/388/306 306/395/312 305/394/311 
f 300/389/306 296/384/302 302/391/308 306/396/312 
f 302/391/308 301/390/307 307/397/313 308/398/314 
f 301/390/307 303/392/309 309/399/315 307/397/313 
f 303/392/309 304/393/310 310/400/316 309/399/315 
f 304/393/310 305/394/311 311/401/317 310/400/316 
f 305/394/311 306/395/312 312/402/318 311/401/317 
f 306/396/312 302/391/308 308/398/314 312/403/318 
f 308/398/314 307/397/313 230/300/236 229/299/235 
f 307/397/313 309/399/315 233/303/239 230/300/236 
f 309/399/315 310/400/316 235/305/241 233/303/239 
f 310/400/316 311/401/317 237/307/243 235/305/241 
f 311/401/317 312/402/318 239/309/245 237/307/243 
f 312/403/318 308/398/314 229/299/235 239/311/245 
f 313/404/319 314/405/320 315/406/320 316/407/319 
f 314/405/320 317/408/321 318/409/321 315/406/320 
f 317/408/321 319/410/322 320/411/322 318/409/321 
f 319/410/322 321/412/323 322/413/323 320/411/322 
f 321/412/323 323/414/324 324/415/324 322/413/323 
f 323/414/324 325/416/325 326/417/325 324/415/324 
f 325/416/325 327/418/326 328/419/326 326/417/325 
f 327/418/326 329/420/327 330/421/327 328/419/326 
f 329/420/327 331/422/328 332/423/328 330/421/327 
f 331/422/328 333/424/329 334/425/329 332/423/328 
f 333/424/329 335/426/330 336/427/330 334/425/329 
f 335/426/330 313/404/319 316/407/319 336/427/330 
s 2
f 316/428/331 315/429/331 337/430/331 
f 315/429/331 318/431/331 337/430/331 
f 318/431/331 320/432/331 337/430/331 
f 320/432/331 322/433/331 337/430/331 
f 322/433/331 324/434/331 337/430/331 
f 324/434/331 326/435/331 337/430/331 
f 326/435/331 328/436/331 337/430/331 
f 328/436/331 330/437/331 337/430/331 
f 330/437/331 332/438/331 337/430/331 
f 332/438/331 334/439/331 337/430/331 
f 334/439/331 336/440/331 337/430/331 
f 336/440/331 316/428/331 337/430/331 
f 314/405/332 313/404/332 338/441/332 
f 313/404/332 335/426/332 338/441/332 
f 335/426/332 333/424/332 338/441/332 
f 333/424/332 331/422/332 338/441/332 
f 331/422/332 329/420/332 338/441/332 
f 329/420/332 327/418/332 338/441/332 
f 327/418/332 325/416/332 338/441/332 
f 325/416/332 323/414/332 338/441/332 
f 323/414/332 321/412/332 338/441/332 
f 321/412/332 319/410/332 338/441/332 
f 319/410/332 317/408/332 338/441/332 
f 317/408/332 314/405/332 338/441/332 
s 1
f 339/442/331 340/443/331 341/444/331 342/445/331 
f 343/446/331 344/447/331 340/443/331 339/442/331 
f 345/448/331 342/445/331 341/444/331 346/449/331 
f 347/450/331 345/448/331 346/449/331 348/451/331 
f 349/452/331 347/450/331 348/451/331 350/453/331 
f 351/454/331 342/445/331 345/448/331 352/455/331 
f 349/452/331 350/453/331 353/456/331 354/457/331 
f 355/458/331 356/459/331 349/452/331 354/457/331 
f 354/457/331 353/456/331 357/460/331 358/461/331 
f 359/462/331 360/463/331 343/446/331 361/464/331 
f 362/465/331 363/466/331 364/467/331 365/468/331 
f 360/463/331 362/465/331 365/468/331 366/469/331 
f 367/470/331 368/471/331 364/467/331 363/466/331 
f 369/472/331 370/473/331 368/471/331 367/470/331 
f 371/474/331 372/475/331 370/473/331 369/472/331 
f 373/476/331 367/470/331 363/466/331 374/477/331 
f 375/478/331 376/479/331 372/475/331 371/474/331 
f 377/480/331 375/478/331 371/474/331 378/481/331 
f 375/478/331 358/461/331 357/460/331 376/479/331 
f 344/447/331 343/446/331 360/463/331 366/469/331 
s 2
f 361/482/333 343/483/333 379/484/333 380/485/333 
s 4
f 343/483/334 339/486/335 381/487/335 379/484/334 
f 339/486/335 342/488/336 382/489/336 381/487/335 
s 2
f 342/488/337 351/490/337 383/491/337 382/489/337 
s 4
f 351/492/338 361/482/338 380/485/338 383/493/338 
s 2
f 349/494/339 356/495/339 384/496/339 385/497/339 
f 352/498/340 345/499/340 386/500/340 387/501/340 
s 4
f 352/502/341 387/503/341 384/496/341 356/495/341 
s 2
f 355/504/342 354/505/342 388/506/342 389/507/342 
s 4
f 354/505/343 358/508/344 390/509/344 388/506/343 
s 2
f 363/510/345 362/511/346 391/512/346 392/513/345 
f 378/514/347 371/515/347 393/516/347 394/517/347 
s 4
f 371/515/348 369/518/349 395/519/349 393/516/348 
f 369/518/349 367/520/350 396/521/350 395/519/349 
s 2
f 367/520/351 373/522/351 397/523/351 396/521/351 
s 4
f 373/522/352 378/524/352 394/525/352 397/523/352 
f 377/526/353 355/527/353 389/528/353 398/529/353 
s 1
f 381/530/332 382/531/332 399/532/332 400/533/332 
f 379/534/332 381/530/332 400/533/332 401/535/332 
f 386/536/332 402/537/332 399/532/332 382/531/332 
f 403/538/332 404/539/332 402/537/332 386/536/332 
f 385/540/332 405/541/332 404/539/332 403/538/332 
f 387/542/332 386/536/332 382/531/332 383/543/332 
f 388/544/332 406/545/332 405/541/332 385/540/332 
f 389/546/332 388/544/332 385/540/332 384/547/332 
f 388/544/332 390/548/332 407/549/332 406/545/332 
f 408/550/332 380/551/332 379/534/332 409/552/332 
f 391/553/332 410/554/332 411/555/332 392/556/332 
f 409/552/332 412/557/332 410/554/332 391/553/332 
f 396/558/332 392/556/332 411/555/332 413/559/332 
f 395/560/332 396/558/332 413/559/332 414/561/332 
f 393/562/332 395/560/332 414/561/332 415/563/332 
f 416/564/332 392/556/332 396/558/332 397/565/332 
f 393/562/332 415/563/332 417/566/332 418/567/332 
f 398/568/332 394/569/332 393/562/332 418/567/332 
f 418/567/332 417/566/332 407/549/332 390/548/332 
f 412/557/332 409/552/332 379/534/332 401/535/332 
s 4
f 347/570/354 349/494/355 385/497/355 403/571/354 
f 345/499/356 347/570/354 403/571/354 386/500/356 
f 360/572/357 359/573/357 408/574/357 409/575/357 
s 2
f 362/511/346 360/572/358 409/575/358 391/512/346 
s 4
f 374/576/359 363/510/359 392/513/359 416/577/359 
s 2
f 374/576/360 416/577/360 408/578/360 359/579/360 
f 375/580/361 377/526/361 398/529/361 418/581/361 
s 4
f 358/508/344 375/580/362 418/581/362 390/509/344 
s 1
f 419/582/319 420/583/320 421/584/320 422/585/319 
f 420/583/320 423/586/321 424/587/321 421/584/320 
f 423/586/321 425/588/322 426/589/322 424/587/321 
f 425/588/322 427/590/323 428/591/323 426/589/322 
f 427/590/323 429/592/324 430/593/324 428/591/323 
f 429/592/324 431/594/325 432/595/325 430/593/324 
f 431/594/325 433/596/326 434/597/326 432/595/325 
f 433/596/326 435/598/327 436/599/327 434/597/326 
f 435/598/327 437/600/328 438/601/328 436/599/327 
f 437/600/328 439/602/329 440/603/329 438/601/328 
f 439/602/329 441/604/330 442/605/330 440/603/329 
f 441/604/330 419/582/319 422/585/319 442/605/330 
s 2
f 422/585/331 421/584/331 443/606/331 
f 421/584/331 424/587/331 443/606/331 
f 424/587/331 426/589/331 443/606/331 
f 426/589/331 428/591/331 443/606/331 
f 428/591/331 430/593/331 443/606/331 
f 430/593/331 432/595/331 443/606/331 
f 432/595/331 434/597/331 443/606/331 
f 434/597/331 436/599/331 443/606/331 
f 436/599/331 438/601/331 443/606/331 
f 438/601/331 440/603/331 443/606/331 
f 440/603/331 442/605/331 443/606/331 
f 442/605/331 422/585/331 443/606/331 
f 420/607/332 419/608/332 444/609/332 
f 419/608/332 441/610/332 444/609/332 
f 441/610/332 439/611/332 444/609/332 
f 439/611/332 437/612/332 444/609/332 
f 437/612/332 435/613/332 444/609/332 
f 435/613/332 433/614/332 444/609/332 
f 433/614/332 431/615/332 444/609/332 
f 431/615/332 429/616/332 444/609/332 
f 429/616/332 427/617/332 444/609/332 
f 427/617/332 425/618/332 444/609/332 
f 425/618/332 423/619/332 444/609/332 
f 423/619/332 420/607/332 444/609/332 
s 1
f 445/620/363 446/621/364 447/622/365 448/623/366 
f 446/621/364 449/624/367 450/625/368 447/622/365 
f 449/624/367 451/626/369 452/627/370 450/625/368 
f 451/626/369 453/628/371 454/629/372 452/627/370 
f 453/628/371 455/630/373 456/631/374 454/629/372 
f 455/630/373 457/632/375 458/633/376 456/631/374 
f 457/632/375 459/634/377 460/635/378 458/633/376 
f 459/634/377 461/636/379 462/637/380 460/635/378 
f 461/636/379 463/638/381 464/639/382 462/637/380 
f 463/640/381 465/641/383 466/642/384 464/643/382 
f 465/641/383 467/644/385 468/645/386 466/642/384 
f 467/644/385 445/620/363 448/623/366 468/645/386 
f 448/623/366 447/622/365 469/646/387 470/647/388 
f 447/622/365 450/625/368 471/648/389 469/646/387 
f 450/625/368 452/627/370 472/649/390 471/648/389 
f 452/627/370 454/629/372 473/650/391 472/649/390 
f 454/629/372 456/631/374 474/651/392 473/650/391 
f 456/631/374 458/633/376 475/652/393 474/651/392 
f 458/633/376 460/635/378 476/653/394 475/652/393 
f 460/635/378 462/637/380 477/654/395 476/653/394 
f 462/637/380 464/639/382 478/655/396 477/654/395 
f 464/643/382 466/642/384 479/656/397 478/657/396 
f 466/642/384 468/645/386 480/658/398 479/656/397 
f 468/645/386 448/623/366 470/647/388 480/658/398 
f 481/659/399 482/660/400 483/661/401 484/662/402 
f 482/660/400 485/663/403 486/664/404 483/661/401 
f 485/663/403 487/665/405 488/666/406 486/664/404 
f 487/665/405 489/667/407 490/668/408 488/666/406 
f 489/667/407 491/669/409 492/670/410 490/668/408 
f 491/669/409 493/671/411 494/672/412 492/670/410 
f 493/671/411 495/673/413 496/674/414 494/672/412 
f 495/673/413 497/675/415 498/676/416 496/674/414 
f 497/675/415 499/677/417 500/678/418 498/676/416 
f 499/679/417 501/680/419 502/681/420 500/682/418 
f 501/680/419 503/683/421 504/684/422 502/681/420 
f 503/683/421 481/659/399 484/662/402 504/684/422 
f 484/662/402 483/661/401 505/685/423 506/686/424 
f 483/661/401 486/664/404 507/687/425 505/685/423 
f 486/664/404 488/666/406 508/688/426 507/687/425 
f 488/666/406 490/668/408 509/689/427 508/688/426 
f 490/668/408 492/670/410 510/690/428 509/689/427 
f 492/670/410 494/672/412 511/691/429 510/690/428 
f 494/672/412 496/674/414 512/692/430 511/691/429 
f 496/674/414 498/676/416 513/693/431 512/692/430 
f 498/676/416 500/678/418 514/694/432 513/693/431 
f 500/682/418 502/681/420 515/695/433 514/696/432 
f 502/681/420 504/684/422 516/697/434 515/695/433 
f 504/684/422 484/662/402 506/686/424 516/697/434 
f 470/647/388 469/646/387 482/660/400 481/659/399 
f 469/646/387 471/648/389 485/663/403 482/660/400 
f 471/648/389 472/649/390 487/665/405 485/663/403 
f 472/649/390 473/650/391 489/667/407 487/665/405 
f 473/650/391 474/651/392 491/669/409 489/667/407 
f 474/651/392 475/652/393 493/671/411 491/669/409 
f 475/652/393 476/653/394 495/673/413 493/671/411 
f 476/653/394 477/654/395 497/675/415 495/673/413 
f 477/654/395 478/655/396 499/677/417 497/675/415 
f 478/657/396 479/656/397 501/680/419 499/679/417 
f 479/656/397 480/658/398 503/683/421 501/680/419 
f 480/658/398 470/647/388 481/659/399 503/683/421 
f 517/698/435 518/699/436 519/700/437 520/701/438 
f 520/701/438 519/700/437 521/702/439 522/703/440 
f 522/703/440 521/702/439 523/704/441 524/705/442 
f 524/705/442 523/704/441 525/706/443 526/707/444 
f 526/707/444 525/706/443 527/708/445 528/709/446 
f 528/709/446 527/708/445 529/710/447 530/711/448 
f 530/711/448 529/710/447 531/712/449 532/713/450 
f 532/713/450 531/712/449 533/714/451 534/715/452 
f 534/715/452 533/714/451 535/716/453 536/717/454 
f 536/718/454 535/719/453 537/720/455 538/721/456 
f 538/721/456 537/720/455 539/722/457 540/723/458 
f 540/723/458 539/722/457 518/699/436 517/698/435 
f 518/699/436 541/724/459 542/725/460 519/700/437 
f 519/700/437 542/725/460 543/726/461 521/702/439 
f 521/702/439 543/726/461 544/727/462 523/704/441 
f 523/704/441 544/727/462 545/728/463 525/706/443 
f 525/706/443 545/728/463 546/729/464 527/708/445 
f 527/708/445 546/729/464 547/730/465 529/710/447 
f 529/710/447 547/730/465 548/731/466 531/712/449 
f 531/712/449 548/731/466 549/732/467 533/714/451 
f 533/714/451 549/732/467 550/733/468 535/716/453 
f 535/719/453 550/734/468 551/735/469 537/720/455 
f 537/720/455 551/735/469 552/736/470 539/722/457 
f 539/722/457 552/736/470 541/724/459 518/699/436 
f 553/737/471 554/738/472 555/739/473 556/740/474 
f 554/738/472 557/741/475 558/742/476 555/739/473 
f 557/741/475 559/743/477 560/744/478 558/742/476 
f 559/743/477 561/745/479 562/746/480 560/744/478 
f 561/745/479 563/747/481 564/748/482 562/746/480 
f 563/747/481 565/749/483 566/750/484 564/748/482 
f 565/749/483 567/751/485 568/752/486 566/750/484 
f 567/751/485 569/753/487 570/754/488 568/752/486 
f 569/753/487 571/755/489 572/756/490 570/754/488 
f 571/757/489 573/758/491 574/759/492 572/760/490 
f 573/758/491 575/761/493 576/762/494 574/759/492 
f 575/761/493 553/737/471 556/740/474 576/762/494 
f 553/737/471 577/763/495 578/764/496 554/738/472 
f 554/738/472 578/764/496 579/765/497 557/741/475 
f 557/741/475 579/765/497 580/766/498 559/743/477 
f 559/743/477 580/766/498 581/767/499 561/745/479 
f 561/745/479 581/767/499 582/768/500 563/747/481 
f 563/747/481 582/768/500 583/769/501 565/749/483 
f 565/749/483 583/769/501 584/770/502 567/751/485 
f 567/751/485 584/770/502 585/771/503 569/753/487 
f 569/753/487 585/771/503 586/772/504 571/755/489 
f 571/757/489 586/773/504 587/774/505 573/758/491 
f 573/758/491 587/774/505 588/775/506 575/761/493 
f 575/761/493 588/775/506 577/763/495 553/737/471 
f 541/724/459 556/740/474 555/739/473 542/725/460 
f 542/725/460 555/739/473 558/742/476 543/726/461 
f 543/726/461 558/742/476 560/744/478 544/727/462 
f 544/727/462 560/744/478 562/746/480 545/728/463 
f 545/728/463 562/746/480 564/748/482 546/729/464 
f 546/729/464 564/748/482 566/750/484 547/730/465 
f 547/730/465 566/750/484 568/752/486 548/731/466 
f 548/731/466 568/752/486 570/754/488 549/732/467 
f 549/732/467 570/754/488 572/756/490 550/733/468 
f 550/734/468 572/760/490 574/759/492 551/735/469 
f 551/735/469 574/759/492 576/762/494 552/736/470 
f 552/736/470 576/762/494 556/740/474 541/724/459 
f 446/621/364 445/620/363 517/698/435 520/701/438 
f 449/624/367 446/621/364 520/701/438 522/703/440 
f 451/626/369 449/624/367 522/703/440 524/705/442 
f 459/634/377 457/632/375 530/711/448 532/713/450 
f 461/636/379 459/634/377 532/713/450 534/715/452 
f 465/641/383 463/640/381 536/718/454 538/721/456 
f 467/644/385 465/641/383 538/721/456 540/723/458 
f 524/705/442 526/707/444 453/628/371 451/626/369 
f 526/707/444 528/709/446 455/630/373 453/628/371 
f 528/709/446 530/711/448 457/632/375 455/630/373 
f 534/715/452 536/717/454 463/638/381 461/636/379 
f 540/723/458 517/698/435 445/620/363 467/644/385 
f 589/776/142 590/777/142 591/778/142 592/779/142 
f 589/776/142 593/780/142 594/781/142 595/782/142 
f 596/783/142 597/784/142 594/781/142 593/780/142 
f 596/783/142 598/785/142 599/786/142 
f 598/785/142 592/779/142 591/778/142 599/786/142 
f 589/776/142 595/782/142 590/777/142 
f 596/783/142 599/786/142 597/784/142 
f 600/787/146 601/788/146 602/789/146 603/790/146 
f 604/791/146 605/792/146 602/789/146 606/793/146 
f 604/791/146 607/794/146 608/795/146 605/792/146 
f 609/796/146 610/797/146 608/795/146 
f 600/787/146 603/790/146 610/797/146 609/796/146 
f 601/788/146 606/793/146 602/789/146 
f 607/794/146 609/796/146 608/795/146 
s 2
f 591/798/507 590/799/508 601/800/508 600/801/507 
f 589/802/509 592/803/509 603/804/509 602/805/509 
s 4
f 593/806/510 589/802/510 602/805/510 605/807/510 
f 595/808/511 594/809/511 604/810/511 606/811/511 
s 2
f 594/809/512 597/812/513 607/813/513 604/810/512 
f 596/814/514 593/806/514 605/807/514 608/815/514 
s 4
f 598/816/515 596/814/516 608/815/516 610/817/515 
f 592/818/517 598/816/515 610/817/515 603/819/517 
f 599/820/518 591/798/518 600/801/518 609/821/518 
s 2
f 590/822/508 595/808/519 606/811/519 601/823/508 
f 597/812/513 599/820/520 609/821/520 607/813/513 
s 1
f 611/824/521 612/825/522 613/826/523 614/827/524 
f 612/825/522 615/828/525 616/829/526 613/826/523 
f 615/828/525 617/830/527 618/831/528 616/829/526 
f 617/830/527 619/832/529 620/833/530 618/831/528 
f 619/832/529 621/834/531 622/835/532 620/833/530 
f 621/834/531 623/836/533 624/837/534 622/835/532 
f 623/836/533 625/838/535 626/839/536 624/837/534 
f 625/838/535 627/840/537 628/841/538 626/839/536 
f 627/840/537 629/842/539 630/843/540 628/841/538 
f 629/842/539 631/844/541 632/845/542 630/843/540 
f 631/844/541 633/846/543 634/847/544 632/845/542 
f 633/846/543 611/824/521 614/827/524 634/847/544 
f 614/848/524 613/849/523 635/850/545 636/851/546 
f 613/849/523 616/852/526 637/853/547 635/850/545 
f 616/852/526 618/854/528 638/855/548 637/853/547 
f 618/854/528 620/856/530 639/857/549 638/855/548 
f 620/856/530 622/858/532 640/859/550 639/857/549 
f 622/858/532 624/860/534 641/861/551 640/859/550 
f 624/860/534 626/862/536 642/863/552 641/861/551 
f 626/862/536 628/864/538 643/865/553 642/863/552 
f 628/864/538 630/866/540 644/867/554 643/865/553 
f 630/866/540 632/868/542 645/869/555 644/867/554 
f 632/868/542 634/870/544 646/871/556 645/869/555 
f 634/870/544 614/848/524 636/851/546 646/871/556 
s 2
f 636/851/142 635/850/142 647/872/142 
f 635/850/142 637/853/142 647/872/142 
f 637/853/142 638/855/142 647/872/142 
f 638/855/142 639/857/142 647/872/142 
f 639/857/142 640/859/142 647/872/142 
f 640/859/142 641/861/142 647/872/142 
f 641/861/142 642/863/142 647/872/142 
f 642/863/142 643/865/142 647/872/142 
f 643/865/142 644/867/142 647/872/142 
f 644/867/142 645/869/142 647/872/142 
f 645/869/142 646/871/142 647/872/142 
f 646/871/142 636/851/142 647/872/142 
f 612/825/146 611/824/146 648/873/146 
f 611/824/146 633/846/146 648/873/146 
f 633/846/146 631/844/146 648/873/146 
f 631/844/146 629/842/146 648/873/146 
f 629/842/146 627/840/146 648/873/146 
f 627/840/146 625/838/146 648/873/146 
f 625/838/146 623/836/146 648/873/146 
f 623/836/146 621/834/146 648/873/146 
f 621/834/146 619/832/146 648/873/146 
f 619/832/146 617/830/146 648/873/146 
f 617/830/146 615/828/146 648/873/146 
f 615/828/146 612/825/146 648/873/146 
s 1
f 649/874/557 650/875/558 651/876/559 
f 652/877/560 653/878/561 654/879/562 655/880/563 
f 656/881/564 657/882/565 658/883/566 659/884/142 
f 660/885/567 661/886/142 662/887/568 663/888/569 
f 664/889/570 665/890/571 659/884/142 658/883/566 
f 661/886/142 666/891/572 667/892/573 662/887/568 
s 2
f 668/893/146 669/894/146 670/895/146 671/896/146 
f 672/897/146 669/894/146 668/893/146 673/898/146 
f 674/899/146 675/900/146 676/901/146 677/902/146 
f 673/898/146 678/903/146 679/904/146 672/897/146 
f 680/905/146 681/906/146 676/901/146 675/900/146 
f 682/907/146 683/908/146 678/903/146 673/898/146 
s 1
f 684/909/574 685/910/575 686/911/576 687/912/577 
f 688/913/578 684/909/574 687/912/577 670/914/579 
f 653/878/561 688/913/578 670/914/579 669/915/580 
f 689/916/581 652/877/560 668/917/582 671/918/583 
f 685/910/575 690/919/584 691/920/585 686/911/576 
f 690/919/584 689/916/581 671/918/583 691/920/585 
f 654/879/562 653/878/561 669/915/580 672/921/586 
f 652/877/560 655/880/563 673/922/587 668/917/582 
f 692/923/588 693/924/589 679/925/590 674/926/591 
f 694/927/592 695/928/593 677/929/594 676/930/595 
f 695/928/593 692/923/588 674/926/591 677/929/594 
f 693/924/589 654/879/562 672/921/586 679/925/590 
f 696/931/596 697/932/597 681/933/598 680/934/599 
f 698/935/600 696/931/596 680/934/599 683/936/601 
f 697/932/597 694/927/592 676/930/595 681/933/598 
f 699/937/602 698/935/600 683/936/601 682/938/603 
s 4
f 655/880/604 699/937/604 682/938/604 673/922/604 
s 1
f 685/910/575 684/909/574 651/876/559 650/875/558 
f 684/909/574 688/913/578 700/939/605 651/876/559 
f 688/913/578 653/878/561 701/940/606 700/939/605 
f 653/878/561 652/877/560 702/941/607 701/940/606 
f 652/877/560 689/916/581 703/942/608 702/941/607 
f 689/916/581 690/919/584 649/874/557 703/942/608 
f 690/919/584 685/910/575 650/875/558 649/874/557 
f 655/880/563 654/879/562 663/888/569 662/887/568 
f 654/879/562 693/924/589 660/885/567 663/888/569 
f 693/924/589 692/923/588 656/881/564 660/885/567 
f 692/923/588 695/928/593 657/882/565 656/881/564 
f 695/928/593 694/927/592 658/883/566 657/882/565 
f 694/927/592 697/932/597 664/889/570 658/883/566 
f 697/932/597 696/931/596 665/890/571 664/889/570 
f 696/931/596 698/935/600 666/891/572 665/890/571 
f 698/935/600 699/937/602 667/892/573 666/891/572 
f 699/937/602 655/880/563 662/887/568 667/892/573 
f 665/890/571 666/891/572 661/886/142 659/884/142 
f 659/884/142 661/886/142 660/885/567 656/881/564 
f 700/939/605 701/940/606 702/941/607 703/942/608 
f 651/876/559 700/939/605 703/942/608 649/874/557 
s 2
f 674/899/146 679/904/146 678/903/146 675/900/146 
f 675/900/146 678/903/146 683/908/146 680/905/146 
f 687/943/146 686/944/146 691/945/146 
f 691/945/146 671/896/146 670/895/146 687/943/146 
s 1
f 704/1/1 705/4/16 706/3/15 707/2/2 
f 705/4/16 708/6/14 709/5/13 706/3/15 
f 708/6/14 710/8/12 711/7/11 709/5/13 
f 710/8/12 712/10/10 713/9/9 711/7/11 
f 712/11/10 714/14/8 715/13/7 713/12/9 
f 714/14/8 716/16/6 717/15/5 715/13/7 
f 716/16/6 718/18/4 719/17/3 717/15/5 
f 718/18/4 704/1/1 707/2/2 719/17/3 
f 707/19/2 706/22/15 720/21/24 721/20/17 
f 706/22/15 709/24/13 722/23/23 720/21/24 
f 709/24/13 711/26/11 723/25/22 722/23/23 
f 711/26/11 713/28/9 724/27/609 723/25/22 
f 713/29/9 715/32/7 725/31/20 724/30/609 
f 715/32/7 717/34/5 726/33/19 725/31/20 
f 717/34/5 719/36/3 727/35/18 726/33/19 
f 719/36/3 707/19/2 721/20/17 727/35/18 
f 721/20/17 720/21/24 728/38/32 729/37/25 
f 720/21/24 722/23/23 730/39/31 728/38/32 
f 722/23/23 723/25/22 731/40/30 730/39/31 
f 723/25/22 724/27/609 732/41/29 731/40/30 
f 724/30/609 725/31/20 733/43/28 732/42/29 
f 725/31/20 726/33/19 734/44/27 733/43/28 
f 726/33/19 727/35/18 735/45/26 734/44/27 
f 727/35/18 721/20/17 729/37/25 735/45/26 
f 729/37/25 728/38/32 736/47/40 737/46/33 
f 728/38/32 730/39/31 738/48/39 736/47/40 
f 730/39/31 731/40/30 739/49/38 738/48/39 
f 731/40/30 732/41/29 740/50/37 739/49/38 
f 732/42/29 733/43/28 741/52/36 740/51/37 
f 733/43/28 734/44/27 742/53/35 741/52/36 
f 734/44/27 735/45/26 743/54/34 742/53/35 
f 735/45/26 729/37/25 737/46/33 743/54/34 
f 737/46/33 736/47/40 744/56/48 745/55/610 
f 736/47/40 738/48/39 746/57/47 744/56/48 
f 738/48/39 739/49/38 747/58/46 746/57/47 
f 739/49/38 740/50/37 748/59/45 747/58/46 
f 740/51/37 741/52/36 749/61/44 748/60/45 
f 741/52/36 742/53/35 750/62/43 749/61/44 
f 742/53/35 743/54/34 751/63/42 750/62/43 
f 743/54/34 737/46/33 745/55/610 751/63/42 
f 745/55/610 744/56/48 752/65/611 753/64/612 
f 744/56/48 746/57/47 754/66/55 752/65/611 
f 746/57/47 747/58/46 755/67/54 754/66/55 
f 747/58/46 748/59/45 756/68/53 755/67/54 
f 748/60/45 749/61/44 757/70/52 756/69/53 
f 749/61/44 750/62/43 758/71/51 757/70/52 
f 750/62/43 751/63/42 759/72/613 758/71/51 
f 751/63/42 745/55/610 753/64/612 759/72/613 
f 753/73/612 752/76/611 760/75/112 761/74/614 
f 752/76/611 754/78/55 762/77/63 760/75/112 
f 754/78/55 755/80/54 763/79/62 762/77/63 
f 756/81/53 757/84/52 764/83/60 765/82/615 
f 757/84/52 758/86/51 766/85/59 764/83/60 
f 767/87/64 768/90/616 769/89/79 770/88/78 
f 770/88/78 769/89/79 771/92/77 772/91/76 
f 772/91/76 771/92/77 773/94/75 774/93/74 
f 774/93/74 773/94/75 775/96/73 776/95/72 
f 776/97/72 775/100/73 777/99/71 778/98/70 
f 778/98/70 777/99/71 779/102/69 780/101/68 
f 780/101/68 779/102/69 781/104/66 782/103/65 
f 782/103/65 781/104/66 768/90/616 767/87/64 
f 768/105/616 783/108/617 784/107/87 769/106/79 
f 769/106/79 784/107/87 785/110/86 771/109/77 
f 771/109/77 785/110/86 786/112/85 773/111/75 
f 773/111/75 786/112/85 787/114/618 775/113/73 
f 775/115/73 787/118/618 788/117/83 777/116/71 
f 777/116/71 788/117/83 789/120/82 779/119/69 
f 779/119/69 789/120/82 790/122/80 781/121/66 
f 781/121/66 790/122/80 783/108/617 768/105/616 
f 783/108/617 791/124/619 792/123/95 784/107/87 
f 784/107/87 792/123/95 793/125/94 785/110/86 
f 785/110/86 793/125/94 794/126/93 786/112/85 
f 786/112/85 794/126/93 795/127/92 787/114/618 
f 787/118/618 795/129/92 796/128/91 788/117/83 
f 788/117/83 796/128/91 797/130/90 789/120/82 
f 789/120/82 797/130/90 798/131/88 790/122/80 
f 790/122/80 798/131/88 791/124/619 783/108/617 
f 791/124/619 799/133/97 800/132/103 792/123/95 
f 792/123/95 800/132/103 801/134/102 793/125/94 
f 793/125/94 801/134/102 802/135/101 794/126/93 
f 794/126/93 802/135/101 803/136/620 795/127/92 
f 795/129/92 803/138/620 804/137/99 796/128/91 
f 796/128/91 804/137/99 805/139/98 797/130/90 
f 797/130/90 805/139/98 806/140/96 798/131/88 
f 798/131/88 806/140/96 799/133/97 791/124/619 
f 799/133/97 807/142/621 808/141/111 800/132/103 
f 800/132/103 808/141/111 809/143/110 801/134/102 
f 801/134/102 809/143/110 810/144/622 802/135/101 
f 802/135/101 810/144/622 811/145/623 803/136/620 
f 803/138/620 811/147/623 812/146/624 804/137/99 
f 804/137/99 812/146/624 813/148/106 805/139/98 
f 805/139/98 813/148/106 814/149/104 806/140/96 
f 806/140/96 814/149/104 807/142/621 799/133/97 
f 807/142/621 761/151/614 760/150/112 808/141/111 
f 808/141/111 760/150/112 762/152/63 809/143/110 
f 809/143/110 762/152/63 763/153/62 810/144/622 
f 810/144/622 763/153/62 765/154/615 811/145/623 
f 811/147/623 765/156/615 764/155/60 812/146/624 
f 812/146/624 764/155/60 766/157/59 813/148/106 
f 813/148/106 766/157/59 815/158/58 814/149/104 
f 814/149/104 815/158/58 761/151/614 807/142/621 
f 763/79/62 755/80/54 756/160/53 765/159/615 
f 766/85/59 758/86/51 759/162/613 815/161/58 
f 815/161/58 759/162/613 753/73/612 761/74/614 
f 816/163/625 817/166/626 818/165/627 819/164/628 
f 817/166/626 820/168/118 821/167/629 818/165/627 
f 820/169/118 822/172/630 823/171/631 821/170/629 
f 822/172/630 824/174/632 825/173/633 823/171/631 
f 826/175/634 827/178/635 828/177/636 829/176/637 
f 827/178/635 819/164/628 830/179/638 828/177/636 
f 819/164/628 818/165/627 831/180/639 830/179/638 
f 818/165/627 821/167/629 832/181/640 831/180/639 
f 821/170/629 823/171/631 833/183/641 832/182/640 
f 823/171/631 825/173/633 834/184/642 833/183/641 
f 825/173/633 835/186/643 836/185/644 834/184/642 
f 835/186/643 826/175/634 829/176/637 836/185/644 
f 829/176/637 828/177/636 837/188/141 838/187/134 
f 828/177/636 830/179/638 839/189/140 837/188/141 
f 830/179/638 831/180/639 840/190/139 839/189/140 
f 831/180/639 832/181/640 841/191/645 840/190/139 
f 832/182/640 833/183/641 842/193/137 841/192/645 
f 833/183/641 834/184/642 843/194/136 842/193/137 
f 834/184/642 836/185/644 844/195/135 843/194/136 
f 836/185/644 829/176/637 838/187/134 844/195/135 
f 838/187/134 837/188/141 845/197/149 846/196/142 
f 837/188/141 839/189/140 847/198/148 845/197/149 
f 839/189/140 840/190/139 848/199/147 847/198/148 
f 840/190/139 841/191/645 849/200/646 848/199/147 
f 841/192/645 842/193/137 850/202/145 849/201/646 
f 842/193/137 843/194/136 851/203/144 850/202/145 
f 843/194/136 844/195/135 852/204/143 851/203/144 
f 844/195/135 838/187/134 846/196/142 852/204/143 
f 853/205/647 854/208/648 855/207/649 856/206/650 
f 856/206/650 855/207/649 857/210/155 858/209/651 
f 858/211/651 857/214/155 859/213/652 860/212/653 
f 860/212/653 859/213/652 861/216/654 862/215/655 
f 863/217/160 864/220/656 865/219/657 866/218/658 
f 866/218/658 865/219/657 867/221/659 854/208/648 
f 854/208/648 867/221/659 868/222/660 855/207/649 
f 855/207/649 868/222/660 869/223/166 857/210/155 
f 857/214/155 869/225/166 870/224/661 859/213/652 
f 859/213/652 870/224/661 871/226/662 861/216/654 
f 861/216/654 871/226/662 872/228/663 873/227/664 
f 873/227/664 872/228/663 864/220/656 863/217/160 
f 864/220/656 874/230/172 875/229/178 865/219/657 
f 865/219/657 875/229/178 876/231/177 867/221/659 
f 867/221/659 876/231/177 877/232/176 868/222/660 
f 868/222/660 877/232/176 878/233/175 869/223/166 
f 869/225/166 878/235/175 879/234/174 870/224/661 
f 870/224/661 879/234/174 880/236/173 871/226/662 
f 871/226/662 880/236/173 881/237/171 872/228/663 
f 872/228/663 881/237/171 874/230/172 864/220/656 
f 874/230/172 846/196/142 845/197/149 875/229/178 
f 875/229/178 845/197/149 847/198/148 876/231/177 
f 876/231/177 847/198/148 848/199/147 877/232/176 
f 877/232/176 848/199/147 849/200/646 878/233/175 
f 878/235/175 849/201/646 850/202/145 879/234/174 
f 879/234/174 850/202/145 851/203/144 880/236/173 
f 880/236/173 851/203/144 852/204/143 881/237/171 
f 881/237/171 852/204/143 846/196/142 874/230/172 
f 882/238/665 883/241/194 884/240/193 885/239/666 
f 883/241/194 886/243/192 887/242/191 884/240/193 
f 886/243/192 888/245/667 889/244/189 887/242/191 
f 888/245/667 890/247/188 891/246/187 889/244/189 
f 890/248/188 892/251/668 893/250/185 891/249/187 
f 892/251/668 894/253/184 895/252/183 893/250/185 
f 894/253/184 896/255/182 897/254/181 895/252/183 
f 896/255/182 882/238/665 885/239/666 897/254/181 
f 885/239/666 884/240/193 898/257/202 899/256/195 
f 884/240/193 887/242/191 900/258/201 898/257/202 
f 887/242/191 889/244/189 901/259/200 900/258/201 
f 889/244/189 891/246/187 902/260/199 901/259/200 
f 891/249/187 893/250/185 903/262/198 902/261/199 
f 893/250/185 895/252/183 904/263/197 903/262/198 
f 895/252/183 897/254/181 905/264/196 904/263/197 
f 897/254/181 885/239/666 899/256/195 905/264/196 
f 906/265/669 907/268/670 908/267/218 909/266/217 
f 909/266/217 908/267/218 910/270/216 911/269/215 
f 911/269/215 910/270/216 912/272/214 913/271/213 
f 913/271/213 912/272/214 914/274/671 915/273/672 
f 915/273/672 914/274/671 916/276/210 917/275/209 
f 917/275/209 916/276/210 918/278/208 919/277/207 
f 919/277/207 918/278/208 920/280/205 921/279/204 
f 921/279/204 920/280/205 907/268/670 906/265/669 
f 909/281/217 922/284/221 923/283/673 906/282/669 
f 906/282/669 923/283/673 924/286/220 921/285/204 
f 921/285/204 924/286/220 925/288/226 919/287/207 
f 919/287/207 925/288/226 926/290/225 917/289/209 
f 917/289/209 926/290/225 927/292/674 915/291/672 
f 915/291/672 927/292/674 928/294/223 913/293/213 
f 913/293/213 928/294/223 929/296/222 911/295/215 
f 911/295/215 929/296/222 922/284/221 909/281/217 
s 2
f 922/284/146 930/297/146 923/283/146 
f 923/283/146 930/297/146 924/286/146 
f 924/286/146 930/297/146 925/288/146 
f 925/288/146 930/297/146 926/290/146 
f 926/290/146 930/297/146 927/292/146 
f 927/292/146 930/297/146 928/294/146 
f 928/294/146 930/297/146 929/296/146 
f 929/296/146 930/297/146 922/284/146 
f 907/268/675 931/298/676 908/267/234 
f 908/267/234 931/298/676 910/270/230 
f 910/270/230 931/298/676 912/272/233 
f 912/272/233 931/298/676 914/274/677 
f 914/274/677 931/298/676 916/276/231 
f 916/276/231 931/298/676 918/278/230 
f 918/278/230 931/298/676 920/280/228 
f 920/280/228 931/298/676 907/268/675 
s 1
f 932/299/678 933/302/679 934/301/680 935/300/681 
f 935/300/681 934/301/680 936/304/682 937/303/683 
f 937/303/683 936/304/682 938/306/684 939/305/685 
f 939/305/685 938/306/684 940/308/686 941/307/687 
f 941/307/687 940/308/686 942/310/688 943/309/689 
f 943/311/689 942/312/688 933/302/679 932/299/678 
f 933/302/679 944/314/690 945/313/691 934/301/680 
f 934/301/680 945/313/691 946/315/692 936/304/682 
f 936/304/682 946/315/692 947/316/693 938/306/684 
f 938/306/684 947/316/693 948/317/694 940/308/686 
f 940/308/686 948/317/694 949/318/695 942/310/688 
f 942/312/688 949/319/695 944/314/690 933/302/679 
f 944/314/690 950/321/696 951/320/697 945/313/691 
f 945/313/691 951/320/697 952/322/698 946/315/692 
f 946/315/692 952/322/698 953/323/699 947/316/693 
f 947/316/693 953/323/699 954/324/700 948/317/694 
f 948/317/694 954/324/700 955/325/701 949/318/695 
f 949/319/695 955/326/701 950/321/696 944/314/690 
f 950/321/696 956/328/702 957/327/703 951/320/697 
f 951/320/697 957/327/703 958/329/704 952/322/698 
f 952/322/698 958/329/704 959/330/705 953/323/699 
f 953/323/699 959/330/705 960/331/706 954/324/700 
f 954/324/700 960/331/706 961/332/707 955/325/701 
f 955/326/701 961/333/707 956/328/702 950/321/696 
f 956/328/702 962/335/708 963/334/709 957/327/703 
f 957/327/703 963/334/709 964/336/710 958/329/704 
f 958/329/704 964/336/710 965/337/711 959/330/705 
f 959/330/705 965/337/711 966/338/712 960/331/706 
f 960/331/706 966/338/712 967/339/713 961/332/707 
f 961/333/707 967/340/713 962/335/708 956/328/702 
f 962/335/708 968/342/714 969/341/715 963/334/709 
f 963/334/709 969/341/715 970/343/716 964/336/710 
f 964/336/710 970/343/716 971/344/717 965/337/711 
f 965/337/711 971/344/717 972/345/718 966/338/712 
f 966/338/712 972/345/718 973/346/719 967/339/713 
f 967/340/713 973/347/719 968/342/714 962/335/708 
f 968/348/714 974/351/720 975/350/721 969/349/715 
f 969/349/715 975/350/721 976/353/722 970/352/716 
f 970/352/716 976/353/722 977/355/723 971/354/717 
f 971/354/717 977/355/723 978/357/724 972/356/718 
f 972/356/718 978/357/724 979/359/725 973/358/719 
f 973/360/719 979/361/725 974/351/720 968/348/714 
f 974/351/720 980/363/726 981/362/727 975/350/721 
f 975/350/721 981/362/727 982/364/728 976/353/722 
f 976/353/722 982/364/728 983/365/729 977/355/723 
f 977/355/723 983/365/729 984/366/730 978/357/724 
f 978/357/724 984/366/730 985/367/731 979/359/725 
f 979/361/725 985/368/731 980/363/726 974/351/720 
f 980/363/726 986/370/732 987/369/733 981/362/727 
f 981/362/727 987/369/733 988/371/734 982/364/728 
f 982/364/728 988/371/734 989/372/735 983/365/729 
f 983/365/729 989/372/735 990/373/736 984/366/730 
f 984/366/730 990/373/736 991/374/737 985/367/731 
f 985/368/731 991/375/737 986/370/732 980/363/726 
f 986/370/732 992/377/738 993/376/739 987/369/733 
f 987/369/733 993/376/739 994/378/740 988/371/734 
f 988/371/734 994/378/740 995/379/741 989/372/735 
f 989/372/735 995/379/741 996/380/742 990/373/736 
f 990/373/736 996/380/742 997/381/743 991/374/737 
f 991/375/737 997/382/743 992/377/738 986/370/732 
f 992/377/738 998/384/744 999/383/745 993/376/739 
f 993/376/739 999/383/745 1000/385/746 994/378/740 
f 994/378/740 1000/385/746 1001/386/747 995/379/741 
f 995/379/741 1001/386/747 1002/387/748 996/380/742 
f 996/380/742 1002/387/748 1003/388/749 997/381/743 
f 997/382/743 1003/389/749 998/384/744 992/377/738 
f 998/384/744 1004/391/750 1005/390/751 999/383/745 
f 999/383/745 1005/390/751 1006/392/752 1000/385/746 
f 1000/385/746 1006/392/752 1007/393/753 1001/386/747 
f 1001/386/747 1007/393/753 1008/394/754 1002/387/748 
f 1002/387/748 1008/394/754 1009/395/755 1003/388/749 
f 1003/389/749 1009/396/755 1004/391/750 998/384/744 
f 1004/391/750 1010/398/756 1011/397/757 1005/390/751 
f 1005/390/751 1011/397/757 1012/399/758 1006/392/752 
f 1006/392/752 1012/399/758 1013/400/759 1007/393/753 
f 1007/393/753 1013/400/759 1014/401/760 1008/394/754 
f 1008/394/754 1014/401/760 1015/402/761 1009/395/755 
f 1009/396/755 1015/403/761 1010/398/756 1004/391/750 
f 1010/398/756 932/299/678 935/300/681 1011/397/757 
f 1011/397/757 935/300/681 937/303/683 1012/399/758 
f 1012/399/758 937/303/683 939/305/685 1013/400/759 
f 1013/400/759 939/305/685 941/307/687 1014/401/760 
f 1014/401/760 941/307/687 943/309/689 1015/402/761 
f 1015/403/761 943/311/689 932/299/678 1010/398/756 
f 1016/404/319 1017/407/319 1018/406/320 1019/405/320 
f 1019/405/320 1018/406/320 1020/409/321 1021/408/321 
f 1021/408/321 1020/409/321 1022/411/322 1023/410/322 
f 1023/410/322 1022/411/322 1024/413/323 1025/412/323 
f 1025/412/323 1024/413/323 1026/415/324 1027/414/324 
f 1027/414/324 1026/415/324 1028/417/325 1029/416/325 
f 1029/416/325 1028/417/325 1030/419/326 1031/418/326 
f 1031/418/326 1030/419/326 1032/421/327 1033/420/327 
f 1033/420/327 1032/421/327 1034/423/328 1035/422/328 
f 1035/422/328 1034/423/328 1036/425/329 1037/424/329 
f 1037/424/329 1036/425/329 1038/427/330 1039/426/330 
f 1039/426/330 1038/427/330 1017/407/319 1016/404/319 
s 2
f 1017/428/332 1040/430/332 1018/429/332 
f 1018/429/332 1040/430/332 1020/431/332 
f 1020/431/332 1040/430/332 1022/432/332 
f 1022/432/332 1040/430/332 1024/433/332 
f 1024/433/332 1040/430/332 1026/434/332 
f 1026/434/332 1040/430/332 1028/435/332 
f 1028/435/332 1040/430/332 1030/436/332 
f 1030/436/332 1040/430/332 1032/437/332 
f 1032/437/332 1040/430/332 1034/438/332 
f 1034/438/332 1040/430/332 1036/439/332 
f 1036/439/332 1040/430/332 1038/440/332 
f 1038/440/332 1040/430/332 1017/428/332 
f 1019/405/331 1041/441/331 1016/404/331 
f 1016/404/331 1041/441/331 1039/426/331 
f 1039/426/331 1041/441/331 1037/424/331 
f 1037/424/331 1041/441/331 1035/422/331 
f 1035/422/331 1041/441/331 1033/420/331 
f 1033/420/331 1041/441/331 1031/418/331 
f 1031/418/331 1041/441/331 1029/416/331 
f 1029/416/331 1041/441/331 1027/414/331 
f 1027/414/331 1041/441/331 1025/412/331 
f 1025/412/331 1041/441/331 1023/410/331 
f 1023/410/331 1041/441/331 1021/408/331 
f 1021/408/331 1041/441/331 1019/405/331 
s 1
f 1042/442/332 1043/445/332 1044/444/332 1045/443/332 
f 1046/446/332 1042/442/332 1045/443/332 1047/447/332 
f 1048/448/332 1049/449/332 1044/444/332 1043/445/332 
f 1050/450/332 1051/451/332 1049/449/332 1048/448/332 
f 1052/452/332 1053/453/332 1051/451/332 1050/450/332 
f 1054/454/332 1055/455/332 1048/448/332 1043/445/332 
f 1052/452/332 1056/457/332 1057/456/332 1053/453/332 
f 1058/458/332 1056/457/332 1052/452/332 1059/459/332 
f 1056/457/332 1060/461/332 1061/460/332 1057/456/332 
f 1062/462/332 1063/464/332 1046/446/332 1064/463/332 
f 1065/465/332 1066/468/332 1067/467/332 1068/466/332 
f 1064/463/332 1069/469/332 1066/468/332 1065/465/332 
f 1070/470/332 1068/466/332 1067/467/332 1071/471/332 
f 1072/472/332 1070/470/332 1071/471/332 1073/473/332 
f 1074/474/332 1072/472/332 1073/473/332 1075/475/332 
f 1076/476/332 1077/477/332 1068/466/332 1070/470/332 
f 1078/478/332 1074/474/332 1075/475/332 1079/479/332 
f 1080/480/332 1081/481/332 1074/474/332 1078/478/332 
f 1078/478/332 1079/479/332 1061/460/332 1060/461/332 
f 1047/447/332 1069/469/332 1064/463/332 1046/446/332 
s 2
f 1063/482/333 1082/485/333 1083/484/333 1046/483/333 
s 4
f 1046/483/334 1083/484/334 1084/487/335 1042/486/335 
f 1042/486/335 1084/487/335 1085/489/336 1043/488/336 
s 2
f 1043/488/337 1085/489/337 1086/491/337 1054/490/337 
s 4
f 1054/492/338 1086/493/338 1082/485/338 1063/482/338 
s 2
f 1052/494/339 1087/497/339 1088/496/339 1059/495/339 
f 1055/498/340 1089/501/340 1090/500/340 1048/499/340 
s 4
f 1055/502/341 1059/495/341 1088/496/341 1089/503/341 
s 2
f 1058/504/342 1091/507/342 1092/506/342 1056/505/342 
s 4
f 1056/505/343 1092/506/343 1093/509/344 1060/508/344 
s 2
f 1068/510/345 1094/513/345 1095/512/346 1065/511/346 
f 1081/514/347 1096/517/347 1097/516/347 1074/515/347 
s 4
f 1074/515/348 1097/516/348 1098/519/349 1072/518/349 
f 1072/518/349 1098/519/349 1099/521/350 1070/520/350 
s 2
f 1070/520/351 1099/521/351 1100/523/351 1076/522/351 
s 4
f 1076/522/352 1100/523/352 1096/525/352 1081/524/352 
f 1080/526/353 1101/529/353 1091/528/353 1058/527/353 
s 1
f 1084/530/331 1102/533/331 1103/532/331 1085/531/331 
f 1083/534/331 1104/535/331 1102/533/331 1084/530/331 
f 1090/536/331 1085/531/331 1103/532/331 1105/537/331 
f 1106/538/331 1090/536/331 1105/537/331 1107/539/331 
f 1087/540/331 1106/538/331 1107/539/331 1108/541/331 
f 1089/542/331 1086/543/331 1085/531/331 1090/536/331 
f 1092/544/331 1087/540/331 1108/541/331 1109/545/331 
f 1091/546/331 1088/547/331 1087/540/331 1092/544/331 
f 1092/544/331 1109/545/331 1110/549/331 1093/548/331 
f 1111/550/331 1112/552/331 1083/534/331 1082/551/331 
f 1095/553/331 1094/556/331 1113/555/331 1114/554/331 
f 1112/552/331 1095/553/331 1114/554/331 1115/557/331 
f 1099/558/331 1116/559/331 1113/555/331 1094/556/331 
f 1098/560/331 1117/561/331 1116/559/331 1099/558/331 
f 1097/562/331 1118/563/331 1117/561/331 1098/560/331 
f 1119/564/331 1100/565/331 1099/558/331 1094/556/331 
f 1097/562/331 1120/567/331 1121/566/331 1118/563/331 
f 1101/568/331 1120/567/331 1097/562/331 1096/569/331 
f 1120/567/331 1093/548/331 1110/549/331 1121/566/331 
f 1115/557/331 1104/535/331 1083/534/331 1112/552/331 
s 4
f 1050/570/354 1106/571/354 1087/497/355 1052/494/355 
f 1048/499/356 1090/500/356 1106/571/354 1050/570/354 
f 1064/572/357 1112/575/357 1111/574/357 1062/573/357 
s 2
f 1065/511/346 1095/512/346 1112/575/358 1064/572/358 
s 4
f 1077/576/359 1119/577/359 1094/513/359 1068/510/359 
s 2
f 1077/576/360 1062/579/360 1111/578/360 1119/577/360 
f 1078/580/361 1120/581/361 1101/529/361 1080/526/361 
s 4
f 1060/508/344 1093/509/344 1120/581/362 1078/580/362 
s 1
f 1122/582/319 1123/585/319 1124/584/320 1125/583/320 
f 1125/583/320 1124/584/320 1126/587/321 1127/586/321 
f 1127/586/321 1126/587/321 1128/589/322 1129/588/322 
f 1129/588/322 1128/589/322 1130/591/323 1131/590/323 
f 1131/590/323 1130/591/323 1132/593/324 1133/592/324 
f 1133/592/324 1132/593/324 1134/595/325 1135/594/325 
f 1135/594/325 1134/595/325 1136/597/326 1137/596/326 
f 1137/596/326 1136/597/326 1138/599/327 1139/598/327 
f 1139/598/327 1138/599/327 1140/601/328 1141/600/328 
f 1141/600/328 1140/601/328 1142/603/329 1143/602/329 
f 1143/602/329 1142/603/329 1144/605/330 1145/604/330 
f 1145/604/330 1144/605/330 1123/585/319 1122/582/319 
s 2
f 1123/585/332 1146/606/332 1124/584/332 
f 1124/584/332 1146/606/332 1126/587/332 
f 1126/587/332 1146/606/332 1128/589/332 
f 1128/589/332 1146/606/332 1130/591/332 
f 1130/591/332 1146/606/332 1132/593/332 
f 1132/593/332 1146/606/332 1134/595/332 
f 1134/595/332 1146/606/332 1136/597/332 
f 1136/597/332 1146/606/332 1138/599/332 
f 1138/599/332 1146/606/332 1140/601/332 
f 1140/601/332 1146/606/332 1142/603/332 
f 1142/603/332 1146/606/332 1144/605/332 
f 1144/605/332 1146/606/332 1123/585/332 
f 1125/607/331 1147/609/331 1122/608/331 
f 1122/608/331 1147/609/331 1145/610/331 
f 1145/610/331 1147/609/331 1143/611/331 
f 1143/611/331 1147/609/331 1141/612/331 
f 1141/612/331 1147/609/331 1139/613/331 
f 1139/613/331 1147/609/331 1137/614/331 
f 1137/614/331 1147/609/331 1135/615/331 
f 1135/615/331 1147/609/331 1133/616/331 
f 1133/616/331 1147/609/331 1131/617/331 
f 1131/617/331 1147/609/331 1129/618/331 
f 1129/618/331 1147/609/331 1127/619/331 
f 1127/619/331 1147/609/331 1125/607/331 
s 1
f 1148/620/762 1149/623/763 1150/622/764 1151/621/765 
f 1151/621/765 1150/622/764 1152/625/766 1153/624/767 
f 1153/624/767 1152/625/766 1154/627/768 1155/626/769 
f 1155/626/769 1154/627/768 1156/629/770 1157/628/771 
f 1157/628/771 1156/629/770 1158/631/772 1159/630/773 
f 1159/630/773 1158/631/772 1160/633/774 1161/632/775 
f 1161/632/775 1160/633/774 1162/635/776 1163/634/777 
f 1163/634/777 1162/635/776 1164/637/778 1165/636/779 
f 1165/636/779 1164/637/778 1166/639/780 1167/638/781 
f 1167/640/781 1166/643/780 1168/642/782 1169/641/783 
f 1169/641/783 1168/642/782 1170/645/784 1171/644/785 
f 1171/644/785 1170/645/784 1149/623/763 1148/620/762 
f 1149/623/763 1172/647/786 1173/646/787 1150/622/764 
f 1150/622/764 1173/646/787 1174/648/788 1152/625/766 
f 1152/625/766 1174/648/788 1175/649/789 1154/627/768 
f 1154/627/768 1175/649/789 1176/650/790 1156/629/770 
f 1156/629/770 1176/650/790 1177/651/791 1158/631/772 
f 1158/631/772 1177/651/791 1178/652/792 1160/633/774 
f 1160/633/774 1178/652/792 1179/653/793 1162/635/776 
f 1162/635/776 1179/653/793 1180/654/794 1164/637/778 
f 1164/637/778 1180/654/794 1181/655/795 1166/639/780 
f 1166/643/780 1181/657/795 1182/656/796 1168/642/782 
f 1168/642/782 1182/656/796 1183/658/797 1170/645/784 
f 1170/645/784 1183/658/797 1172/647/786 1149/623/763 
f 1184/659/798 1185/662/412 1186/661/799 1187/660/800 
f 1187/660/800 1186/661/799 1188/664/801 1189/663/802 
f 1189/663/802 1188/664/801 1190/666/803 1191/665/804 
f 1191/665/804 1190/666/803 1192/668/805 1193/667/806 
f 1193/667/806 1192/668/805 1194/670/807 1195/669/808 
f 1195/669/808 1194/670/807 1196/672/402 1197/671/809 
f 1197/671/809 1196/672/402 1198/674/810 1199/673/811 
f 1199/673/811 1198/674/810 1200/676/812 1201/675/813 
f 1201/675/813 1200/676/812 1202/678/814 1203/677/815 
f 1203/679/815 1202/682/814 1204/681/816 1205/680/817 
f 1205/680/817 1204/681/816 1206/684/818 1207/683/819 
f 1207/683/819 1206/684/818 1185/662/412 1184/659/798 
f 1185/662/412 1208/686/429 1209/685/820 1186/661/799 
f 1186/661/799 1209/685/820 1210/687/821 1188/664/801 
f 1188/664/801 1210/687/821 1211/688/822 1190/666/803 
f 1190/666/803 1211/688/822 1212/689/823 1192/668/805 
f 1192/668/805 1212/689/823 1213/690/824 1194/670/807 
f 1194/670/807 1213/690/824 1214/691/424 1196/672/402 
f 1196/672/402 1214/691/424 1215/692/825 1198/674/810 
f 1198/674/810 1215/692/825 1216/693/826 1200/676/812 
f 1200/676/812 1216/693/826 1217/694/827 1202/678/814 
f 1202/682/814 1217/696/827 1218/695/828 1204/681/816 
f 1204/681/816 1218/695/828 1219/697/829 1206/684/818 
f 1206/684/818 1219/697/829 1208/686/429 1185/662/412 
f 1172/647/786 1184/659/798 1187/660/800 1173/646/787 
f 1173/646/787 1187/660/800 1189/663/802 1174/648/788 
f 1174/648/788 1189/663/802 1191/665/804 1175/649/789 
f 1175/649/789 1191/665/804 1193/667/806 1176/650/790 
f 1176/650/790 1193/667/806 1195/669/808 1177/651/791 
f 1177/651/791 1195/669/808 1197/671/809 1178/652/792 
f 1178/652/792 1197/671/809 1199/673/811 1179/653/793 
f 1179/653/793 1199/673/811 1201/675/813 1180/654/794 
f 1180/654/794 1201/675/813 1203/677/815 1181/655/795 
f 1181/657/795 1203/679/815 1205/680/817 1182/656/796 
f 1182/656/796 1205/680/817 1207/683/819 1183/658/797 
f 1183/658/797 1207/683/819 1184/659/798 1172/647/786 
f 1220/698/830 1221/701/831 1222/700/832 1223/699/833 
f 1221/701/831 1224/703/834 1225/702/835 1222/700/832 
f 1224/703/834 1226/705/836 1227/704/837 1225/702/835 
f 1226/705/836 1228/707/838 1229/706/839 1227/704/837 
f 1228/707/838 1230/709/840 1231/708/841 1229/706/839 
f 1230/709/840 1232/711/842 1233/710/843 1231/708/841 
f 1232/711/842 1234/713/844 1235/712/845 1233/710/843 
f 1234/713/844 1236/715/846 1237/714/847 1235/712/845 
f 1236/715/846 1238/717/848 1239/716/849 1237/714/847 
f 1238/718/848 1240/721/850 1241/720/851 1239/719/849 
f 1240/721/850 1242/723/852 1243/722/853 1241/720/851 
f 1242/723/852 1220/698/830 1223/699/833 1243/722/853 
f 1223/699/833 1222/700/832 1244/725/854 1245/724/855 
f 1222/700/832 1225/702/835 1246/726/856 1244/725/854 
f 1225/702/835 1227/704/837 1247/727/857 1246/726/856 
f 1227/704/837 1229/706/839 1248/728/858 1247/727/857 
f 1229/706/839 1231/708/841 1249/729/859 1248/728/858 
f 1231/708/841 1233/710/843 1250/730/860 1249/729/859 
f 1233/710/843 1235/712/845 1251/731/861 1250/730/860 
f 1235/712/845 1237/714/847 1252/732/862 1251/731/861 
f 1237/714/847 1239/716/849 1253/733/863 1252/732/862 
f 1239/719/849 1241/720/851 1254/735/864 1253/734/863 
f 1241/720/851 1243/722/853 1255/736/865 1254/735/864 
f 1243/722/853 1223/699/833 1245/724/855 1255/736/865 
f 1256/737/866 1257/740/867 1258/739/868 1259/738/869 
f 1259/738/869 1258/739/868 1260/742/870 1261/741/871 
f 1261/741/871 1260/742/870 1262/744/872 1263/743/873 
f 1263/743/873 1262/744/872 1264/746/874 1265/745/875 
f 1265/745/875 1264/746/874 1266/748/876 1267/747/877 
f 1267/747/877 1266/748/876 1268/750/878 1269/749/879 
f 1269/749/879 1268/750/878 1270/752/880 1271/751/881 
f 1271/751/881 1270/752/880 1272/754/882 1273/753/883 
f 1273/753/883 1272/754/882 1274/756/884 1275/755/885 
f 1275/757/885 1274/760/884 1276/759/886 1277/758/887 
f 1277/758/887 1276/759/886 1278/762/888 1279/761/889 
f 1279/761/889 1278/762/888 1257/740/867 1256/737/866 
f 1256/737/866 1259/738/869 1280/764/890 1281/763/891 
f 1259/738/869 1261/741/871 1282/765/892 1280/764/890 
f 1261/741/871 1263/743/873 1283/766/893 1282/765/892 
f 1263/743/873 1265/745/875 1284/767/894 1283/766/893 
f 1265/745/875 1267/747/877 1285/768/895 1284/767/894 
f 1267/747/877 1269/749/879 1286/769/896 1285/768/895 
f 1269/749/879 1271/751/881 1287/770/897 1286/769/896 
f 1271/751/881 1273/753/883 1288/771/898 1287/770/897 
f 1273/753/883 1275/755/885 1289/772/899 1288/771/898 
f 1275/757/885 1277/758/887 1290/774/900 1289/773/899 
f 1277/758/887 1279/761/889 1291/775/901 1290/774/900 
f 1279/761/889 1256/737/866 1281/763/891 1291/775/901 
f 1245/724/855 1244/725/854 1258/739/868 1257/740/867 
f 1244/725/854 1246/726/856 1260/742/870 1258/739/868 
f 1246/726/856 1247/727/857 1262/744/872 1260/742/870 
f 1247/727/857 1248/728/858 1264/746/874 1262/744/872 
f 1248/728/858 1249/729/859 1266/748/876 1264/746/874 
f 1249/729/859 1250/730/860 1268/750/878 1266/748/876 
f 1250/730/860 1251/731/861 1270/752/880 1268/750/878 
f 1251/731/861 1252/732/862 1272/754/882 1270/752/880 
f 1252/732/862 1253/733/863 1274/756/884 1272/754/882 
f 1253/734/863 1254/735/864 1276/759/886 1274/760/884 
f 1254/735/864 1255/736/865 1278/762/888 1276/759/886 
f 1255/736/865 1245/724/855 1257/740/867 1278/762/888 
f 1151/621/765 1221/701/831 1220/698/830 1148/620/762 
f 1153/624/767 1224/703/834 1221/701/831 1151/621/765 
f 1155/626/769 1226/705/836 1224/703/834 1153/624/767 
f 1163/634/777 1234/713/844 1232/711/842 1161/632/775 
f 1165/636/779 1236/715/846 1234/713/844 1163/634/777 
f 1169/641/783 1240/721/850 1238/718/848 1167/640/781 
f 1171/644/785 1242/723/852 1240/721/850 1169/641/783 
f 1226/705/836 1155/626/769 1157/628/771 1228/707/838 
f 1228/707/838 1157/628/771 1159/630/773 1230/709/840 
f 1230/709/840 1159/630/773 1161/632/775 1232/711/842 
f 1236/715/846 1165/636/779 1167/638/781 1238/717/848 
f 1242/723/852 1171/644/785 1148/620/762 1220/698/830 
f 1292/946/142 1293/947/142 1294/948/142 1295/949/142 
f 1292/946/142 1296/950/142 1297/951/142 1298/952/142 
f 1299/953/142 1298/952/142 1297/951/142 1300/954/142 
f 1299/953/142 1301/955/142 1302/956/142 
f 1302/956/142 1301/955/142 1294/948/142 1293/947/142 
f 1292/946/142 1295/949/142 1296/950/142 
f 1299/953/142 1300/954/142 1301/955/142 
f 1303/787/146 1304/790/146 1305/789/146 1306/788/146 
f 1307/791/146 1308/793/146 1305/789/146 1309/792/146 
f 1307/791/146 1309/792/146 1310/795/146 1311/794/146 
f 1312/796/146 1310/795/146 1313/797/146 
f 1303/787/146 1312/796/146 1313/797/146 1304/790/146 
f 1306/788/146 1305/789/146 1308/793/146 
f 1311/794/146 1310/795/146 1312/796/146 
s 2
f 1294/798/902 1303/801/902 1306/800/903 1295/799/903 
f 1292/802/904 1305/805/904 1304/804/904 1293/803/904 
s 4
f 1298/806/905 1309/807/905 1305/805/905 1292/802/905 
f 1296/808/906 1308/811/906 1307/810/906 1297/809/906 
s 2
f 1297/809/907 1307/810/907 1311/813/908 1300/812/908 
f 1299/814/909 1310/815/909 1309/807/909 1298/806/909 
s 4
f 1302/816/910 1313/817/910 1310/815/911 1299/814/911 
f 1293/818/912 1304/819/912 1313/817/910 1302/816/910 
f 1301/820/913 1312/821/913 1303/801/913 1294/798/913 
s 2
f 1295/822/903 1306/823/903 1308/811/914 1296/808/914 
f 1300/812/908 1311/813/908 1312/821/915 1301/820/915 
s 1
f 1314/824/916 1315/827/917 1316/826/918 1317/825/919 
f 1317/825/919 1316/826/918 1318/829/920 1319/828/921 
f 1319/828/921 1318/829/920 1320/831/922 1321/830/923 
f 1321/830/923 1320/831/922 1322/833/924 1323/832/925 
f 1323/832/925 1322/833/924 1324/835/926 1325/834/927 
f 1325/834/927 1324/835/926 1326/837/928 1327/836/929 
f 1327/836/929 1326/837/928 1328/839/930 1329/838/931 
f 1329/838/931 1328/839/930 1330/841/932 1331/840/933 
f 1331/840/933 1330/841/932 1332/843/934 1333/842/935 
f 1333/842/935 1332/843/934 1334/845/936 1335/844/937 
f 1335/844/937 1334/845/936 1336/847/938 1337/846/939 
f 1337/846/939 1336/847/938 1315/827/917 1314/824/916 
f 1315/848/917 1338/851/940 1339/850/941 1316/849/918 
f 1316/849/918 1339/850/941 1340/853/942 1318/852/920 
f 1318/852/920 1340/853/942 1341/855/943 1320/854/922 
f 1320/854/922 1341/855/943 1342/857/944 1322/856/924 
f 1322/856/924 1342/857/944 1343/859/945 1324/858/926 
f 1324/858/926 1343/859/945 1344/861/946 1326/860/928 
f 1326/860/928 1344/861/946 1345/863/947 1328/862/930 
f 1328/862/930 1345/863/947 1346/865/948 1330/864/932 
f 1330/864/932 1346/865/948 1347/867/949 1332/866/934 
f 1332/866/934 1347/867/949 1348/869/950 1334/868/936 
f 1334/868/936 1348/869/950 1349/871/951 1336/870/938 
f 1336/870/938 1349/871/951 1338/851/940 1315/848/917 
s 2
f 1338/851/142 1350/872/142 1339/850/142 
f 1339/850/142 1350/872/142 1340/853/142 
f 1340/853/142 1350/872/142 1341/855/142 
f 1341/855/142 1350/872/142 1342/857/142 
f 1342/857/142 1350/872/142 1343/859/142 
f 1343/859/142 1350/872/142 1344/861/142 
f 1344/861/142 1350/872/142 1345/863/142 
f 1345/863/142 1350/872/142 1346/865/142 
f 1346/865/142 1350/872/142 1347/867/142 
f 1347/867/142 1350/872/142 1348/869/142 
f 1348/869/142 1350/872/142 1349/871/142 
f 1349/871/142 1350/872/142 1338/851/142 
f 1317/825/146 1351/873/146 1314/824/146 
f 1314/824/146 1351/873/146 1337/846/146 
f 1337/846/146 1351/873/146 1335/844/146 
f 1335/844/146 1351/873/146 1333/842/146 
f 1333/842/146 1351/873/146 1331/840/146 
f 1331/840/146 1351/873/146 1329/838/146 
f 1329/838/146 1351/873/146 1327/836/146 
f 1327/836/146 1351/873/146 1325/834/146 
f 1325/834/146 1351/873/146 1323/832/146 
f 1323/832/146 1351/873/146 1321/830/146 
f 1321/830/146 1351/873/146 1319/828/146 
f 1319/828/146 1351/873/146 1317/825/146 
s 1
f 1352/874/952 1353/876/953 1354/875/954 
f 1355/877/955 1356/880/956 1357/879/957 1358/878/958 
f 1359/881/959 1360/884/142 1361/883/960 1362/882/961 
f 1363/885/962 1364/888/963 1365/887/964 1366/886/142 
f 1367/889/965 1361/883/960 1360/884/142 1368/890/966 
f 1366/886/142 1365/887/964 1369/892/967 1370/891/968 
s 2
f 1371/893/146 1372/896/146 1373/895/146 1374/894/146 
f 1375/897/146 1376/898/146 1371/893/146 1374/894/146 
f 1377/899/146 1378/902/146 1379/901/146 1380/900/146 
f 1376/898/146 1375/897/146 1381/904/146 1382/903/146 
f 1383/905/146 1380/900/146 1379/901/146 1384/906/146 
f 1385/907/146 1376/898/146 1382/903/146 1386/908/146 
s 1
f 1387/909/969 1388/912/970 1389/911/971 1390/910/972 
f 1391/913/973 1373/914/974 1388/912/970 1387/909/969 
f 1358/878/958 1374/915/975 1373/914/974 1391/913/973 
f 1392/916/976 1372/918/977 1371/917/978 1355/877/955 
f 1390/910/972 1389/911/971 1393/920/979 1394/919/980 
f 1394/919/980 1393/920/979 1372/918/977 1392/916/976 
f 1357/879/957 1375/921/981 1374/915/975 1358/878/958 
f 1355/877/955 1371/917/978 1376/922/982 1356/880/956 
f 1395/923/983 1377/926/984 1381/925/985 1396/924/986 
f 1397/927/987 1379/930/988 1378/929/989 1398/928/990 
f 1398/928/990 1378/929/989 1377/926/984 1395/923/983 
f 1396/924/986 1381/925/985 1375/921/981 1357/879/957 
f 1399/931/991 1383/934/992 1384/933/993 1400/932/994 
f 1401/935/995 1386/936/996 1383/934/992 1399/931/991 
f 1400/932/994 1384/933/993 1379/930/988 1397/927/987 
f 1402/937/997 1385/938/998 1386/936/996 1401/935/995 
s 4
f 1356/880/999 1376/922/999 1385/938/999 1402/937/999 
s 1
f 1390/910/972 1354/875/954 1353/876/953 1387/909/969 
f 1387/909/969 1353/876/953 1403/939/1000 1391/913/973 
f 1391/913/973 1403/939/1000 1404/940/1001 1358/878/958 
f 1358/878/958 1404/940/1001 1405/941/1002 1355/877/955 
f 1355/877/955 1405/941/1002 1406/942/1003 1392/916/976 
f 1392/916/976 1406/942/1003 1352/874/952 1394/919/980 
f 1394/919/980 1352/874/952 1354/875/954 1390/910/972 
f 1356/880/956 1365/887/964 1364/888/963 1357/879/957 
f 1357/879/957 1364/888/963 1363/885/962 1396/924/986 
f 1396/924/986 1363/885/962 1359/881/959 1395/923/983 
f 1395/923/983 1359/881/959 1362/882/961 1398/928/990 
f 1398/928/990 1362/882/961 1361/883/960 1397/927/987 
f 1397/927/987 1361/883/960 1367/889/965 1400/932/994 
f 1400/932/994 1367/889/965 1368/890/966 1399/931/991 
f 1399/931/991 1368/890/966 1370/891/968 1401/935/995 
f 1401/935/995 1370/891/968 1369/892/967 1402/937/997 
f 1402/937/997 1369/892/967 1365/887/964 1356/880/956 
f 1368/890/966 1360/884/142 1366/886/142 1370/891/968 
f 1360/884/142 1359/881/959 1363/885/962 1366/886/142 
f 1403/939/1000 1406/942/1003 1405/941/1002 1404/940/1001 
f 1353/876/953 1352/874/952 1406/942/1003 1403/939/1000 
s 2
f 1377/899/146 1380/900/146 1382/903/146 1381/904/146 
f 1380/900/146 1383/905/146 1386/908/146 1382/903/146 
f 1388/943/146 1393/945/146 1389/944/146 
f 1393/945/146 1388/943/146 1373/895/146 1372/896/146 
s 1
f 1407/957/1004 1408/958/1005 1409/959/1006 1410/960/1007 
f 1410/960/1007 1409/959/1006 1411/961/1008 1412/962/1009 
f 1412/962/1009 1411/961/1008 1413/963/1010 1414/964/1011 
f 1414/964/1011 1413/963/1010 1415/965/1012 1416/966/1013 
f 1416/967/1013 1415/968/1012 1417/969/1014 1418/970/1015 
f 1418/970/1015 1417/969/1014 1419/971/1016 1420/972/1017 
f 1420/972/1017 1419/971/1016 1421/973/1018 1422/974/1019 
f 1422/974/1019 1421/973/1018 1408/958/1005 1407/957/1004 
f 1423/975/1020 1424/976/1021 1425/977/1022 1426/978/1023 
f 1424/976/1021 1427/979/1024 1428/980/1025 1425/977/1022 
f 1427/979/1024 1429/981/1026 1430/982/1027 1428/980/1025 
f 1429/981/1026 1431/983/1028 1432/984/1029 1430/982/1027 
f 1431/985/1028 1433/986/1030 1434/987/1031 1432/988/1029 
f 1433/986/1030 1435/989/1032 1436/990/1033 1434/987/1031 
f 1435/989/1032 1437/991/1034 1438/992/1035 1436/990/1033 
f 1437/991/1034 1423/975/1020 1426/978/1023 1438/992/1035 
f 1409/959/1006 1408/958/1005 1439/993/1036 1440/994/1037 
f 1411/961/1008 1409/959/1006 1440/994/1037 1441/995/1038 
f 1413/963/1010 1411/961/1008 1441/995/1038 1442/996/1039 
f 1415/965/1012 1413/963/1010 1442/996/1039 1443/997/1040 
f 1417/969/1014 1415/968/1012 1443/998/1040 1444/999/1041 
f 1419/971/1016 1417/969/1014 1444/999/1041 1445/1000/1042 
f 1421/973/1018 1419/971/1016 1445/1000/1042 1446/1001/1043 
f 1408/958/1005 1421/973/1018 1446/1001/1043 1439/993/1036 
f 1426/978/1023 1425/977/1022 1440/994/1037 1439/993/1036 
f 1425/977/1022 1428/980/1025 1441/995/1038 1440/994/1037 
f 1428/980/1025 1430/982/1027 1442/996/1039 1441/995/1038 
f 1430/982/1027 1432/984/1029 1443/997/1040 1442/996/1039 
f 1432/988/1029 1434/987/1031 1444/999/1041 1443/998/1040 
f 1434/987/1031 1436/990/1033 1445/1000/1042 1444/999/1041 
f 1436/990/1033 1438/992/1035 1446/1001/1043 1445/1000/1042 
f 1438/992/1035 1426/978/1023 1439/993/1036 1446/1001/1043 
f 1447/1002/1044 1448/1003/1045 1449/1004/1046 1450/1005/1047 
f 1450/1005/1047 1449/1004/1046 1451/1006/1048 1452/1007/1049 
f 1452/1007/1049 1451/1006/1048 1453/1008/1050 1454/1009/1051 
f 1454/1009/1051 1453/1008/1050 1455/1010/1052 1456/1011/1053 
f 1456/1012/1053 1455/1013/1052 1457/1014/1054 1458/1015/1055 
f 1458/1015/1055 1457/1014/1054 1459/1016/1056 1460/1017/1057 
f 1460/1017/1057 1459/1016/1056 1461/1018/1058 1462/1019/1059 
f 1462/1019/1059 1461/1018/1058 1448/1003/1045 1447/1002/1044 
f 1448/1003/1045 1463/1020/1060 1464/1021/1061 1449/1004/1046 
f 1449/1004/1046 1464/1021/1061 1465/1022/1062 1451/1006/1048 
f 1451/1006/1048 1465/1022/1062 1466/1023/1063 1453/1008/1050 
f 1453/1008/1050 1466/1023/1063 1467/1024/1064 1455/1010/1052 
f 1455/1013/1052 1467/1025/1064 1468/1026/1065 1457/1014/1054 
f 1457/1014/1054 1468/1026/1065 1469/1027/1066 1459/1016/1056 
f 1459/1016/1056 1469/1027/1066 1470/1028/1067 1461/1018/1058 
f 1461/1018/1058 1470/1028/1067 1463/1020/1060 1448/1003/1045 
f 1463/1020/1060 1471/1029/1068 1472/1030/1069 1464/1021/1061 
f 1464/1021/1061 1472/1030/1069 1473/1031/1070 1465/1022/1062 
f 1465/1022/1062 1473/1031/1070 1474/1032/1071 1466/1023/1063 
f 1466/1023/1063 1474/1032/1071 1475/1033/1072 1467/1024/1064 
f 1467/1025/1064 1475/1034/1072 1476/1035/1073 1468/1026/1065 
f 1468/1026/1065 1476/1035/1073 1477/1036/1074 1469/1027/1066 
f 1469/1027/1066 1477/1036/1074 1478/1037/1075 1470/1028/1067 
f 1470/1028/1067 1478/1037/1075 1471/1029/1068 1463/1020/1060 
f 1471/1029/1068 1479/1038/1076 1480/1039/1077 1472/1030/1069 
f 1472/1030/1069 1480/1039/1077 1481/1040/1078 1473/1031/1070 
f 1473/1031/1070 1481/1040/1078 1482/1041/1079 1474/1032/1071 
f 1474/1032/1071 1482/1041/1079 1483/1042/1080 1475/1033/1072 
f 1475/1034/1072 1483/1043/1080 1484/1044/1081 1476/1035/1073 
f 1476/1035/1073 1484/1044/1081 1485/1045/1082 1477/1036/1074 
f 1477/1036/1074 1485/1045/1082 1486/1046/1083 1478/1037/1075 
f 1478/1037/1075 1486/1046/1083 1479/1038/1076 1471/1029/1068 
f 1479/1038/1076 1487/1047/1084 1488/1048/1085 1480/1039/1077 
f 1480/1039/1077 1488/1048/1085 1489/1049/1086 1481/1040/1078 
f 1481/1040/1078 1489/1049/1086 1490/1050/1087 1482/1041/1079 
f 1482/1041/1079 1490/1050/1087 1491/1051/1088 1483/1042/1080 
f 1483/1043/1080 1491/1052/1088 1492/1053/1089 1484/1044/1081 
f 1484/1044/1081 1492/1053/1089 1493/1054/1090 1485/1045/1082 
f 1485/1045/1082 1493/1054/1090 1494/1055/1091 1486/1046/1083 
f 1486/1046/1083 1494/1055/1091 1487/1047/1084 1479/1038/1076 
f 1487/1047/1084 1495/1056/1092 1496/1057/1093 1488/1048/1085 
f 1488/1048/1085 1496/1057/1093 1497/1058/1094 1489/1049/1086 
f 1489/1049/1086 1497/1058/1094 1498/1059/1095 1490/1050/1087 
f 1490/1050/1087 1498/1059/1095 1499/1060/1096 1491/1051/1088 
f 1491/1052/1088 1499/1061/1096 1500/1062/1097 1492/1053/1089 
f 1492/1053/1089 1500/1062/1097 1501/1063/1098 1493/1054/1090 
f 1493/1054/1090 1501/1063/1098 1502/1064/1099 1494/1055/1091 
f 1494/1055/1091 1502/1064/1099 1495/1056/1092 1487/1047/1084 
f 1495/1065/1092 1503/1066/1100 1504/1067/1101 1496/1068/1093 
f 1496/1068/1093 1504/1067/1101 1505/1069/1102 1497/1070/1094 
f 1497/1070/1094 1505/1069/1102 1506/1071/1103 1498/1072/1095 
f 1498/1072/1095 1506/1071/1103 1507/1073/1104 1499/1074/1096 
f 1499/1075/1096 1507/1076/1104 1508/1077/1105 1500/1078/1097 
f 1500/1078/1097 1508/1077/1105 1509/1079/1106 1501/1080/1098 
f 1501/1080/1098 1509/1079/1106 1510/1081/1107 1502/1082/1099 
f 1502/1082/1099 1510/1081/1107 1503/1066/1100 1495/1065/1092 
f 1503/1066/1100 1511/1083/1108 1512/1084/1109 1504/1067/1101 
f 1504/1067/1101 1512/1084/1109 1513/1085/1110 1505/1069/1102 
f 1505/1069/1102 1513/1085/1110 1514/1086/1111 1506/1071/1103 
f 1506/1071/1103 1514/1086/1111 1515/1087/1112 1507/1073/1104 
f 1507/1076/1104 1515/1088/1112 1516/1089/1113 1508/1077/1105 
f 1508/1077/1105 1516/1089/1113 1517/1090/1114 1509/1079/1106 
f 1509/1079/1106 1517/1090/1114 1518/1091/1115 1510/1081/1107 
f 1510/1081/1107 1518/1091/1115 1511/1083/1108 1503/1066/1100 
f 1511/1083/1108 1519/1092/1116 1520/1093/1117 1512/1084/1109 
f 1512/1084/1109 1520/1093/1117 1521/1094/1118 1513/1085/1110 
f 1513/1085/1110 1521/1094/1118 1522/1095/1119 1514/1086/1111 
f 1514/1086/1111 1522/1095/1119 1523/1096/1120 1515/1087/1112 
f 1515/1088/1112 1523/1097/1120 1524/1098/1121 1516/1089/1113 
f 1516/1089/1113 1524/1098/1121 1525/1099/1122 1517/1090/1114 
f 1517/1090/1114 1525/1099/1122 1526/1100/1123 1518/1091/1115 
f 1518/1091/1115 1526/1100/1123 1519/1092/1116 1511/1083/1108 
f 1519/1092/1116 1527/1101/1124 1528/1102/1125 1520/1093/1117 
f 1520/1093/1117 1528/1102/1125 1529/1103/1126 1521/1094/1118 
f 1521/1094/1118 1529/1103/1126 1530/1104/1127 1522/1095/1119 
f 1522/1095/1119 1530/1104/1127 1531/1105/1128 1523/1096/1120 
f 1523/1097/1120 1531/1106/1128 1532/1107/1129 1524/1098/1121 
f 1524/1098/1121 1532/1107/1129 1533/1108/1130 1525/1099/1122 
f 1525/1099/1122 1533/1108/1130 1534/1109/1131 1526/1100/1123 
f 1526/1100/1123 1534/1109/1131 1527/1101/1124 1519/1092/1116 
f 1527/1101/1124 1535/1110/1132 1536/1111/1133 1528/1102/1125 
f 1528/1102/1125 1536/1111/1133 1537/1112/1134 1529/1103/1126 
f 1529/1103/1126 1537/1112/1134 1538/1113/1135 1530/1104/1127 
f 1530/1104/1127 1538/1113/1135 1539/1114/1136 1531/1105/1128 
f 1531/1106/1128 1539/1115/1136 1540/1116/1137 1532/1107/1129 
f 1532/1107/1129 1540/1116/1137 1541/1117/1138 1533/1108/1130 
f 1533/1108/1130 1541/1117/1138 1542/1118/1139 1534/1109/1131 
f 1534/1109/1131 1542/1118/1139 1535/1110/1132 1527/1101/1124 
f 1535/1110/1132 1543/1119/1140 1544/1120/1141 1536/1111/1133 
f 1536/1111/1133 1544/1120/1141 1545/1121/1142 1537/1112/1134 
f 1537/1112/1134 1545/1121/1142 1546/1122/1143 1538/1113/1135 
f 1538/1113/1135 1546/1122/1143 1547/1123/1144 1539/1114/1136 
f 1539/1115/1136 1547/1124/1144 1548/1125/1145 1540/1116/1137 
f 1540/1116/1137 1548/1125/1145 1549/1126/1146 1541/1117/1138 
f 1541/1117/1138 1549/1126/1146 1550/1127/1147 1542/1118/1139 
f 1542/1118/1139 1550/1127/1147 1543/1119/1140 1535/1110/1132 
f 1543/1119/1140 1551/1128/1148 1552/1129/1149 1544/1120/1141 
f 1544/1120/1141 1552/1129/1149 1553/1130/1150 1545/1121/1142 
f 1545/1121/1142 1553/1130/1150 1554/1131/1151 1546/1122/1143 
f 1546/1122/1143 1554/1131/1151 1555/1132/1152 1547/1123/1144 
f 1547/1124/1144 1555/1133/1152 1556/1134/1153 1548/1125/1145 
f 1548/1125/1145 1556/1134/1153 1557/1135/1154 1549/1126/1146 
f 1549/1126/1146 1557/1135/1154 1558/1136/1155 1550/1127/1147 
f 1550/1127/1147 1558/1136/1155 1551/1128/1148 1543/1119/1140 
# 1320 polygons - 192 triangles

